Product Name,Sales after discount,Num Orders
Canon imageCLASS 2200 Advanced Copier,55999.84,5
Fellowes PB500 Electric Punch Plastic Comb Binding Machine with Manual Bind,23386.216,10
HON 5400 Series Task Chairs for Big and Tall,17790.8724,8
"HP Designjet T520 Inkjet Large Format Printer - 24"" Color",17062.4025,3
High Speed Automatic Electric Letter Opener,16244.2976,3
Hewlett Packard LaserJet 3310 Copier,16103.7316,8
GBC DocuBind TL300 Electric Binding System,15365.4387,11
Martin Yale Chadless Opener Electric Letter Opener,15323.704,6
"3D Systems Cube Printer, 2nd Generation, Magenta",14299.89,2
GBC Ibimaster 500 Manual ProClick Binding System,13773.738,9
Ibico EPK-21 Electric Binding System,13456.7288,3
GBC DocuBind P400 Electric Binding System,12684.4268,6
"Riverside Palais Royal Lawyers Bookcase, Royale Cherry Finish",12232.054907999998,5
Samsung Galaxy Mega 6.3,11994.914400000001,6
Cisco TelePresence System EX90 Videoconferencing Unit,11319.24,1
Apple iPhone 5,11177.076000000001,6
Honeywell Enviracaire Portable HEPA Air Cleaner for 17' x 22' Room,10727.192000000001,8
Tennsco 6- and 18-Compartment Lockers,10543.1592,11
Global Troy Executive Leather Low-Back Tilter,10535.609400000001,9
Canon PC1060 Personal Laser Copier,10275.853200000001,4
Lexmark MX611dhe Monochrome Laser Printer,10250.9397,4
Plantronics CS510 - Over-the-Head monaural Wireless Headset System,10241.648,10
Bretford Rectangular Conference Table Tops,10124.479275000002,12
Logitech P710e Mobile Speakerphone,9908.2152,9
"Hon Deluxe Fabric Upholstered Stacking Chairs, Rounded Back",9280.9992,12
SAFCO Arco Folding Chair,9238.89,13
DMI Eclipse Executive Suite Bookcases,9028.91205,6
Tennsco Double-Tier Lockers,8874.7888,12
Plantronics Savi W720 Multi-Device Wireless Headset System,8759.682,7
Tennsco Single-Tier Lockers,8077.3168000000005,8
Bady BDG101FRU Card Printer,7935.9008,4
Office Star - Professional Matrix Back Chair with 2-to-1 Synchro Tilt and Mesh Fabric Seat,7932.148000000001,8
Hewlett Packard 610 Color Digital Copier / Printer,7739.8452,7
Ativa V4110MDD Micro-Cut Shredder,7699.89,2
Global Deluxe High-Back Manager's Chair,7667.123799999999,8
"Hot File 7-Pocket, Floor Stand",7652.7936,13
Adjustable Depth Letter/Legal Cart,7381.7928,11
Canon Imageclass D680 Copier / Fax,7279.896000000001,5
Hon 4070 Series Pagoda Armless Upholstered Stacking Chairs,7243.6559,8
GuestStacker Chair with Chrome Finish Legs,7152.662400000001,8
Logitech diNovo Edge Keyboard,7119.7152,5
Bush Advantage Collection Racetrack Conference Table,6999.465,7
Wilson Electronics DB Pro Signal Booster,6988.160000000001,10
Zebra ZM400 Thermal Label Printer,6965.700000000001,2
Global Commerce Series High-Back Swivel/Tilt Chairs,6936.4132,9
Fellowes PB300 Plastic Comb Binding Machine,6890.7024,6
Chromcraft Bull-Nose Wood Oval Conference Tables & Bases,6876.2304,5
Hon 4700 Series Mobuis Mid-Back Task Chairs with Adjustable Arms,6817.017,6
Tennsco 16-Compartment Lockers with Coat Rack,6789.8872,5
Ibico Ibimaster 300 Manual Binding System,6774.695900000001,8
"Tennsco Snap-Together Open Shelving Units, Starter Sets and Add-On Units",6685.1616,6
Chromcraft Round Conference Tables,6567.2472,13
"Dual Level, Single-Width Filing Carts",6500.1152,9
Mitel MiVoice 5330e IP Phone,6489.764,9
"Atlantic Metals Mobile 3-Shelf Bookcases, Custom Colors",6476.140406,8
Hon 94000 Series Round Tables,6409.3352,5
Hon GuestStacker Chair,6310.4928,9
Okidata MB760 Printer,6267.52,2
Hoover Upright Vacuum With Dirt Cup,6230.6856,6
Standard Rollaway File with Lock,6104.8372,10
Hon Pagoda Stacking Chairs,6021.5848000000005,4
"Sanyo Counter Height Refrigerator with Crisper, 3.6 Cubic Foot, Stainless Steel/Black",5906.52,3
Hon Every-Day Series Multi-Task Chairs,5742.789,10
Cubify CubeX 3D Printer Double Head Print,5729.9809000000005,3
Bretford CR8500 Series Meeting Room Furniture,5705.9454000000005,6
Hon Multipurpose Stacking Arm Chairs,5705.244,6
ClearOne CHATAttach 160 - speaker phone,5703.908,4
Iceberg Mobile Mega Data/Printer Cart ,5636.2572,8
Logitech Z-906 Speaker sys - home theater - 5.1-CH,5609.83,4
Canon PC1080F Personal Copier,5519.908,4
Polycom VVX 310 VoIP phone,5507.694,8
"Bevis Oval Conference Table, Walnut",5464.9212,8
Bretford CR4500 Series Slim Rectangular Table,5426.85285,8
Samsung Galaxy S III - 16GB - pebble blue (T-Mobile),5403.845600000001,6
Deluxe Rollaway Locking File with Drawer,5373.1696,5
"Global Leather and Oak Executive Chair, Black",5360.4538,8
Samsung Galaxy S4 Mini,5357.886,5
Balt Solid Wood Round Tables,5340.0204,4
Global Comet Stacking Arm Chair,5281.375,5
Hon 4070 Series Pagoda Round Back Stacking Chairs,5270.4916,7
Global Ergonomic Managers Chair,5212.224,11
Cisco Unified IP Phone 7945G VoIP phone,5196.6876,6
Hon Olson Stacker Chairs,5081.1282,4
Safco Contoured Stacking Chairs,5075.536,8
GBC DocuBind 300 Electric Binding Machine,5065.187400000001,8
Razer Tiamat Over Ear 7.1 Surround Sound PC Gaming Headset,5055.7472,7
Hon 5100 Series Wood Tables,5042.6834,7
"Office Impressions End Table, 20-1/2""H x 24""W x 20""D",4972.5512,5
Canon PC940 Copier,4949.89,3
Sharp AL-1530CS Digital Copier,4879.902400000001,4
Hoover Shoulder Vac Commercial Portable Vacuum,4773.3188,6
Wilson SignalBoost 841262 DB PRO Amplifier Kit,4751.34,6
Samsung Galaxy S4,4732.484399999999,5
Panasonic KX-TG9471B,4727.2788,7
"Lifetime Advantage Folding Chairs, 4/Carton",4717.0704,7
Global Leather Executive Chair,4692.7363000000005,7
Fellowes Staxonsteel Drawer Files,4674.714,7
Bretford Just In Time Height-Adjustable Multi-Task Work Tables,4654.01,4
"Global Leather Highback Executive Chair with Pneumatic Height Adjustment, Black",4614.5008,10
Hon Olson Stacker Stools,4584.7736,10
Smead Adjustable Mobile File Trolley with Lockable Top,4577.5548,3
Zebra GX420t Direct Thermal/Thermal Transfer Printer,4550.2415,3
"Global High-Back Leather Tilter, Burgundy",4543.2506,14
GE 30524EE4,4539.1284000000005,9
Letter Size Cart,4508.6616,8
O'Sullivan 2-Door Barrister Bookcase in Odessa Pine,4440.3443,7
"Fellowes Strictly Business Drawer File, Letter/Legal Size",4343.814,7
Logitech G19 Programmable Gaming Keyboard,4329.7308,8
"Tennsco Stur-D-Stor Boltless Shelving, 5 Shelves, 24"" Deep, Sand",4319.0952,7
Polycom CX600 IP Phone VoIP phone,4307.282,4
SAFCO Boltless Steel Shelving,4286.5008,10
High-Back Leather Manager's Chair,4254.5727,9
Sanyo 2.5 Cubic Foot Mid-Size Office Refrigerators,4253.112,4
Brother DCP1000 Digital 3 in 1 Multifunction Machine,4187.8604000000005,7
Fellowes Officeware Wire Shelving,4164.5188,11
Global Executive Mid-Back Manager's Chair,4163.9238000000005,6
Hon 2090 Pillow Soft Series Mid Back Swivel/Tilt Chairs,4147.2648,6
Nortel Meridian M3904 Professional Digital phone,4040.6976000000004,10
Cubify CubeX 3D Printer Triple Head Print,3999.99,1
Samsung Galaxy S4 Active,3999.92,2
"Atlantic Metals Mobile 5-Shelf Bookcases, Custom Colors",3999.57273,8
"Chromcraft 48"" x 96"" Racetrack Double Pedestal Table",3998.3808,6
Canon imageCLASS MF7460 Monochrome Digital Laser Multifunction Copier,3991.98,1
Ibico Hi-Tech Manual Binding System,3937.4209,11
"Atlantic Metals Mobile 4-Shelf Bookcases, Custom Colors",3935.82735,6
"Hon Practical Foundations 30 x 60 Training Table, Light Gray/Charcoal",3929.2196249999997,6
Apple iPhone 5S,3898.7316,4
DMI Arturo Collection Mission-style Design Wood Chair,3883.2056,11
Bevis 36 x 72 Conference Tables,3871.639,8
WD My Passport Ultra 2TB Portable External Hard Drive,3865.12,8
Honeywell Enviracaire Portable HEPA Air Cleaner for 16' x 20' Room,3855.1800000000003,3
Cisco SPA301,3818.6352,9
Canon Image Class D660 Copier,3767.9372,2
GBC DocuBind TL200 Manual Binding Machine,3738.2262,6
Fellowes Super Stor/Drawer Files,3722.112,9
Hewlett Packard 310 Color Digital Copier,3719.876,6
Wireless Extenders zBoost YX545 SOHO Signal Booster,3696.6444,7
"SAFCO Commercial Wire Shelving, Black",3691.1008,10
Sharp 1540cs Digital Laser Copier,3607.9344,7
Google Nexus 5,3599.8,5
Motorola L703CM,3587.7700000000004,6
Logitech VX Revolution Cordless Laser Mouse for Notebooks (Black),3571.0016,5
Office Star - Contemporary Swivel Chair with Padded Adjustable Arms and Flex Back,3565.3842,7
Chromcraft Rectangular Conference Tables,3542.7015,9
Office Star - Mid Back Dual function Ergonomic High Back Chair with 2-Way Adjustable Arms,3538.3404,5
KI Adjustable-Height Table,3506.90925,18
Canon PC-428 Personal Copier,3495.8252,6
"Bevis Round Bullnose 29"" High Table Top",3472.3226999999997,5
"Global Adaptabilites Bookcase, Cherry/Storm Gray Finish",3447.84,2
Fellowes High-Stak Drawer Files,3439.2288,8
Cisco 9971 IP Video Phone Charcoal,3436.4,2
Hewlett-Packard Desktjet 6988DT Refurbished Printer,3404.5,1
Luxo Professional Fluorescent Magnifier Lamp with Clamp-Mount Base,3340.6528000000003,5
Polycom SoundStation2 EX Conference phone,3320.5899999999997,4
Aastra 57i VoIP phone,3309.7728,7
"Global Airflow Leather Mesh Back Chair, Black",3294.3836,9
Fellowes Stor/Drawer Steel Plus Storage Drawers,3290.4264000000003,8
"Global Wood Trimmed Manager's Task Chair, Khaki",3282.5584,14
Avanti 4.4 Cu. Ft. Refrigerator,3279.3576000000003,7
Global Adaptabilities Conference Tables,3270.6072,4
"Chromcraft Bull-Nose Wood 48"" x 96"" Rectangular Conference Tables",3250.782,6
Samsung Galaxy Note 2,3219.9300000000003,2
Fellowes PB200 Plastic Comb Binding Machine,3192.4122,9
Global Commerce Series Low-Back Swivel/Tilt Chairs,3186.5519999999997,7
"24 Capacity Maxi Data Binder Racks, Pearl",3166.672,4
Pyle PMP37LED,3159.9908,10
"Dot Matrix Printer Tape Reel Labels, White, 5000/Box",3149.8524,8
Hon Non-Folding Utility Tables,3143.1863000000003,5
GBC DocuBind 200 Manual Binding Machine,3115.252,4
Toshiba IPT2010-SD IP Telephone,3057.78,8
Polycom SoundPoint IP 450 VoIP phone,3044.5928000000004,6
Office Impressions Heavy Duty Welded Shelving & Multimedia Storage Drawers,3044.314,5
Polycom VoiceStation 500 Conference phone,3043.884,5
Hewlett-Packard Deskjet 3050a All-in-One Color Inkjet Printer,3040.0,1
"SAFCO PlanMaster Heigh-Adjustable Drafting Table Base, 43w x 30d x 30-37h, Black",3015.7535,5
Economy Rollaway Files,3006.6400000000003,7
Global Comet Stacking Armless Chair,3002.4620000000004,6
"Office Star - Contemporary Task Swivel chair with Loop Arms, Charcoal",2995.5126,9
"Bush Cubix Conference Tables, Fully Assembled",2993.5008000000003,4
"Chromcraft Bull-Nose Wood Round Conference Table Top, Wood Base",2980.1879999999996,6
Space Solutions HD Industrial Steel Shelving.,2980.0224,8
"Situations Contoured Folding Chairs, 4/Set",2973.3522000000003,15
Bush Advantage Collection Round Conference Table,2971.085,4
Carina Double Wide Media Storage Towers in Natural & Black,2924.9976,12
Hon Rectangular Conference Tables,2919.4665,4
Jabra SPEAK 410,2902.4112,9
Compact Automatic Electric Letter Opener,2887.302,8
Hoover WindTunnel Plus Canister Vacuum,2876.94,3
BlackBerry Q10,2857.4532,6
"Global Fabric Manager's Chair, Dark Gray",2851.6752,9
"Iceberg OfficeWorks 42"" Round Tables",2830.875,7
Hon Racetrack Conference Tables,2827.2326999999996,6
"Bush Heritage Pine Collection 5-Shelf Bookcase, Albany Pine Finish, *Special Order",2819.543608,8
"Acco 7-Outlet Masterpiece Power Center, Wihtout Fax/Phone Line Protection",2806.0663999999997,7
"Riverside Furniture Oval Coffee Table, Oval End Table, End Table with Drawer",2802.5245,5
Bevis 44 x 96 Conference Tables,2796.122,5
Geemarc AmpliPOWER60,2791.424,11
"Bush Andora Bookcase, Maple/Graphite Gray Finish",2781.068225,9
Tenex Antistatic Computer Chair Mats,2756.1976,6
Maxell iVDR EX 500GB Cartridge,2755.4,2
"Electrix Architect's Clamp-On Swing Arm Lamp, Black",2749.248,4
Digium D40 VoIP phone,2734.588,9
Ibico EB-19 Dual Function Manual Binding System,2700.3739,8
Hon 2111 Invitation Series Corner Table,2688.3108,4
Xerox 1915,2671.578,9
Imation Bio 8GB USB Flash Drive Imation Corp,2659.84,4
Panasonic KX-TG9541B DECT 6.0 Digital 2-Line Expandable Cordless Phone With Digital Answering System,2627.8248000000003,5
Kensington 7 Outlet MasterPiece Power Center,2626.9848,5
O'Sullivan Living Dimensions 2-Shelf Bookcases,2618.91455,10
"Carina Mini System Audio Rack, Model AR050B",2605.8104000000003,6
Hon Mobius Operator's Chair,2595.089,5
"Global Manager's Adjustable Task Chair, Storm",2584.7776,6
O'Sullivan Living Dimensions 3-Shelf Bookcases,2574.0513499999997,4
"GE 48"" Fluorescent Tube, Cool White Energy Saver, 34 Watts, 30/Box",2556.1648,8
"Stur-D-Stor Shelving, Vertical 5-Shelf: 72""H x 36""W x 18 1/2""D",2552.54,5
Aastra 6757i CT Wireless VoIP phone,2550.8096,6
"1.7 Cubic Foot Compact ""Cube"" Office Refrigerators",2539.5519999999997,6
O'Sullivan Living Dimensions 5-Shelf Bookcases,2538.264672,6
Premier Electric Letter Opener,2530.3824,8
Logitech Wireless Gaming Headset G930,2495.844,6
Okidata C331dn Printer,2484.88,5
Logitech Wireless Headset h800,2479.752,6
Fellowes Powershred HS-440 4-Sheet High Security Shredder,2467.4408000000003,3
Fellowes Bankers Box Staxonsteel Drawer File/Stacking System,2466.6408,8
VTech DS6151,2424.0476,8
"Rush Hierlooms Collection 1"" Thick Stackable Bookcases",2422.3591499999998,4
NETGEAR AC1750 Dual Band Gigabit Smart WiFi Router,2419.0488,5
Premier Automatic Letter Opener,2413.3148,5
Kensington 7 Outlet MasterPiece HOMEOFFICE Power Control Center,2407.3632000000002,5
"SAFCO PlanMaster Boards, 60w x 37-1/2d, White Melamine",2398.4022000000004,5
Razer Kraken 7.1 Surround Sound Over Ear USB Gaming Headset,2395.7604,6
ShoreTel ShorePhone IP 230 VoIP phone,2392.8984,4
"Lesro Round Back Collection Coffee Table, End Table",2380.452,8
Nortel Meridian M5316 Digital phone,2371.982,4
Electrix Halogen Magnifier Lamp,2370.46,6
Easy-staple paper,2366.2816,46
Bose SoundLink Bluetooth Speaker,2340.2400000000002,5
Safco Industrial Wire Shelving System,2336.3664000000003,8
3.6 Cubic Foot Counter Height Office Refrigerator,2333.3903999999998,5
Plantronics Calisto P620-M USB Wireless Speakerphone System,2320.5216,4
Sensible Storage WireTech Storage Systems,2313.948,8
GBC DocuBind P100 Manual Binding Machine,2313.7612,8
Global Highback Leather Tilter in Burgundy,2301.1371000000004,9
Novimex Swivel Fabric Task Chair,2293.3862,8
Vtech CS6719,2284.562,7
Xiaomi Mi3,2279.96,1
Kensington 4 Outlet MasterPiece Compact Power Control Center,2254.1904,7
Motorola Droid Maxx,2249.85,4
Wi-Ex zBoost YX540 Cellular Phone Signal Booster,2247.63,6
Logitech G700s Rechargeable Gaming Mouse,2211.7788,9
"3M Polarizing Task Lamp with Clamp Arm, Light Gray",2191.68,4
"Fellowes Mobile File Cart, Black",2151.428,10
Logitech Gaming G510s - Keyboard,2145.1476000000002,8
GBC ProClick 150 Presentation Binding System,2129.7052000000003,5
Logitech G35 7.1-Channel Surround Sound Headset,2116.2372,6
Enermax Acrylux Wireless Keyboard,2099.568,6
Imation Bio 2GB USB Flash Drive Imation Corp,2098.88,3
Office Star - Ergonomic Mid Back Chair with 2-Way Adjustable Arms,2092.1288,2
"Gould Plastics 18-Pocket Panel Bin, 34w x 5-1/4d x 20-1/2h",2078.974,10
"Bevis Round Conference Table Top, X-Base",2060.0421,6
Avanti 1.7 Cu. Ft. Refrigerator,2059.992,4
Plantronics S12 Corded Telephone Headset System,2052.3216,6
Cisco 8x8 Inc. 6753i IP Business Phone System,2051.848,6
Okidata MB491 Multifunction Printer,2050.89,2
Global Super Steno Chair,2016.5398,7
Harbour Creations Steel Folding Chair,1998.4125,8
O'Sullivan Plantations 2-Door Library in Landvery Oak,1987.8529839999999,5
O'Sullivan 4-Shelf Bookcase in Odessa Pine,1980.74505,7
"Ativa D5772 2-Line 5.8GHz Digital Expandable Corded/Cordless Phone System with Answering & Caller ID/Call Waiting, Black/Silver",1979.88,4
Sauder Inglewood Library Bookcases,1975.6739000000002,5
Razer Kraken PRO Over Ear PC and Music Headset,1967.754,8
"Tenex 46"" x 60"" Computer Anti-Static Chairmat, Rectangular Shaped",1962.7496,7
Bevis Round Conference Table Top & Single Column Base,1950.7122000000002,5
Konftel 250 Conference phone - Charcoal black,1948.1688000000001,4
"Lesro Sheffield Collection Coffee Table, End Table, Center Table, Corner Table",1922.7078000000001,9
Panasonic KX MB2061 Multifunction Printer,1917.1200000000001,1
"Global Value Steno Chair, Gray",1899.3398,10
Office Star Flex Back Scooter Chair with Aluminum Finish Frame,1889.6697000000001,6
Office Star - Mesh Screen back chair with Vinyl seat,1883.4924,7
GBC DocuBind P50 Personal Binding Machine,1875.8936,10
Jawbone JAMBOX Wireless Bluetooth Speaker,1870.6016,3
Plantronics Audio 995 Wireless Stereo Headset,1860.354,4
AT&T CL83451 4-Handset Telephone,1837.4308,4
Hon Deluxe Fabric Upholstered Stacking Chairs,1829.85,4
Jabra Supreme Plus Driver Edition Headset,1823.8480000000002,5
NETGEAR N750 Dual Band Wi-Fi Gigabit Router,1818.0,7
Ooma Telo VoIP Home Phone System,1814.256,5
Space Solutions Commercial Steel Shelving,1807.614,7
"Global Push Button Manager's Chair, Indigo",1806.6063000000001,9
Multicolor Computer Printout Paper,1803.42,5
Nortel Networks T7316 E Nt8 B27,1800.3752,6
Plantronics HL10 Handset Lifter,1781.6064000000001,3
Adtran 1202752G1,1768.8996,5
"Recycled Data-Pak for Archival Bound Computer Printouts, 12-1/2 x 12-1/2 x 16",1762.4136,6
HTC One Mini,1758.8204,4
"Rubbermaid ClusterMat Chairmats, Mat Size- 66"" x 60"", Lip 20"" x 11"" -90 Degree Angle",1744.6055999999999,5
Logitech G602 Wireless Gaming Mouse,1743.7820000000002,9
Bevis Boat-Shaped Conference Table,1732.5471,6
"Tenex Chairmat w/ Average Lip, 45"" x 53""",1731.5584,4
Honeywell Quietcare HEPA Air Cleaner,1720.862,6
Tennsco Regal Shelving Units,1715.8572,4
Harmony Air Purifier,1710.45,5
Cisco SPA 502G IP Phone,1698.492,5
Samsung Galaxy Note 3,1698.3228,3
"Sauder Camden County Collection Libraries, Planked Cherry Finish",1694.494754,7
Mitel 5320 IP Phone VoIP phone,1693.3504000000003,4
LG G3,1677.6744,4
"Sauder Forest Hills Library, Woodland Oak Finish",1676.9571,4
Jawbone MINI JAMBOX Wireless Bluetooth Speaker,1676.6352000000002,5
"Global Value Mid-Back Manager's Chair, Gray",1676.3017,10
Belkin 5 Outlet SurgeMaster Power Centers,1662.7296000000001,10
Polycom SoundPoint Pro SE-225 Corded phone,1656.3408,4
Xerox 1908,1650.2903999999999,7
Enermax Aurora Lite Keyboard,1641.1499999999999,5
AT&T TR1909W,1617.7116,4
Xerox 189,1614.6899999999998,6
Logitech Mobile Speakerphone P710e - speaker phone,1614.3608,5
Hon 2111 Invitation Series Straight Table,1614.3036,7
Imation Secure+ Hardware Encrypted USB 2.0 Flash Drive; 16GB,1599.9408000000003,5
Staple envelope,1595.4616,48
Cisco IP Phone 7961G-GE VoIP phone,1594.0288,4
Laminate Occasional Tables,1590.6216,3
"Sauder Facets Collection Locker/File Cabinet, Sky Alder Finish",1587.7944,2
First Data FD10 PIN Pad,1583.16,5
Xerox 1945,1578.9348,8
"Hunt PowerHouse Electric Pencil Sharpener, Blue",1575.4104,10
Deflect-o DuraMat Antistatic Studded Beveled Mat for Medium Pile Carpeting,1567.4592,5
Logitech G600 MMO Gaming Mouse,1564.6044,8
Logitech Wireless Performance Mouse MX for PC and Mac,1559.844,7
"O'Sullivan Elevations Bookcase, Cherry Finish",1556.0423999999998,5
Plantronics Audio 478 Stereo USB Headset,1555.6888,9
Office Star - Contemporary Task Swivel Chair,1553.72,6
AT&T 1080 Corded phone,1550.7268000000001,7
Deflect-o Glass Clear Studded Chair Mats,1549.5256,7
"Global Geo Office Task Chair, Gray",1544.2886,7
KI Conference Tables,1541.1486,8
Jabra SPEAK 410 Multidevice Speakerphone,1540.8052000000002,3
Xerox 1941,1539.1979999999999,5
Global Enterprise Series Seating High-Back Swivel/Tilt Chairs,1531.037,4
Kensington Expert Mouse Optical USB Trackball for PC or Mac,1523.6396,6
"Carina 42""Hx23 3/4""W Media Storage Unit",1519.1848,8
Novimex Fabric Task Chair,1514.7432,9
Xerox WorkCentre 6505DN Laser Multifunction Printer,1511.9748,1
"Howard Miller 14-1/2"" Diameter Chrome Round Wall Clock",1508.984,7
ClearOne Communications CHAT 70 OC Speaker Phone,1507.2252,4
Xerox 1919,1506.7924,9
Luxo Adjustable Task Clamp Lamp,1503.1728,4
Microsoft Sculpt Comfort Mouse,1490.934,10
"Eureka The Boss Plus 12-Amp Hard Box Upright Vacuum, Red",1486.03,6
Kensington Orbit Wireless Mobile Trackball for PC and Mac,1482.9528,5
"3D Systems Cube Printer, 2nd Generation, White",1481.9886000000001,2
"Global Leather & Oak Executive Chair, Burgundy",1481.7398000000003,5
Avaya 5420 Digital phone,1474.0908,3
GBC ProClick Punch Binding System,1458.744,7
Global Low Back Tilter Chair,1455.1218000000001,8
GE 2-Jack Phone Line Splitter,1441.93,3
AT&T 1080 Phone,1435.6552000000001,3
Panasonic KX MC6040 Color Laser Multifunction Printer,1430.841,2
"SAFCO Commercial Wire Shelving, 72h",1425.6672,5
Global Deluxe Steno Chair,1414.8924,10
"Iceberg Nesting Folding Chair, 19w x 6d x 43h",1412.9994000000002,6
Cameo Buff Policy Envelopes,1406.3980000000001,8
Hon Comfortask Task/Swivel Chairs,1401.954,6
Eldon Antistatic Chair Mats for Low to Medium Pile Carpets,1398.2512000000002,4
Avaya IP Phone 1140E VoIP phone,1394.95,1
"Padded Folding Chairs, Black, 4/Carton",1394.4756,8
Bestar Classic Bookcase,1389.101076,8
AT&T 841000 Phone,1388.28,7
StarTech.com 10/100 VDSL2 Ethernet Extender Kit,1385.072,4
"Bevis Traditional Conference Table Top, Plinth Base",1383.444,3
BPI Conference Tables,1382.7283750000001,5
"Mini 13-1/2 Capacity Data Binder Rack, Pearl",1381.9872,5
Sony Micro Vault Click 16 GB USB 2.0 Flash Drive,1381.8332,9
Jabra BIZ 2300 Duo QD Duo Corded Headset,1381.6512,4
Cisco SPA525G2 5-Line IP Phone,1379.92,1
Bevis Steel Folding Chairs,1373.0445,6
Office Star Flex Back Scooter Chair with White Frame,1369.4932,7
Swingline SM12-08 MicroCut Jam Free Shredder,1347.9663,3
Logitech G500s Laser Gaming Mouse with Adjustable Weight Tuning,1343.808,4
Harbour Creations 67200 Series Stacking Chairs,1341.743,8
Logitech Wireless Marathon Mouse M705,1337.7324,8
Mophie Juice Pack Helium for iPhone,1334.2332000000001,6
Luxo Professional Combination Clamp-On Lamps,1329.9,5
"Tenex ""The Solids"" Textured Chair Mats",1323.6432,7
Kensington 7 Outlet MasterPiece Power Center with Fax/Phone Line Protection,1321.6476,4
Eureka Sanitaire  Commercial Upright,1312.4232000000002,3
Panasonic KX TS3282W Corded phone,1312.2456000000002,7
Motorola Moto X,1305.5616,2
Microsoft Natural Keyboard Elite,1305.384,4
Xerox 1893,1303.4820000000002,11
"Hon Metal Bookcases, Putty",1297.5144000000003,5
Polycom CX300 Desktop Phone USB VoIP phone,1295.9136,5
Logitech 910-002974 M325 Wireless Mouse for Web Scrolling,1289.57,15
Fellowes Bankers Box Stor/Drawer Steel Plus,1288.1544,12
"Hon Metal Bookcases, Black",1282.5802079999999,5
Okidata C610n Printer,1278.53,2
Tyvek Side-Opening Peel & Seel Expanding Envelopes,1266.72,5
"Tenex Traditional Chairmats for Medium Pile Carpet, Standard Lip, 36"" x 48""",1259.094,6
O'Sullivan Manor Hill 2-Door Library in Brianna Oak,1259.0778599999999,4
Fellowes Recycled Storage Drawers,1252.4184,3
"Holmes Replacement Filter for HEPA Air Cleaner, Very Large Room, HEPA Filter",1251.6539,10
Nokia Lumia 925,1249.8208,3
Global Deluxe Office Fabric Chairs,1249.6596000000002,6
"Deflect-o RollaMat Studded, Beveled Mat for Medium Pile Carpeting",1246.9496000000001,6
"Belkin 19"" Vented Equipment Shelf, Black",1243.7568,10
Ames Color-File Green Diamond Border X-ray Mailers,1239.5448000000001,4
"Global Leather Task Chair, Black",1239.1623,8
"Plantronics CS 50-USB - headset - Convertible, Monaural",1229.3496,5
Samsung Rugby III,1227.414,8
Safco Industrial Wire Shelving,1224.8324,5
"Belkin 325VA UPS Surge Protector, 6'",1224.3176,4
Xerox 1917,1222.75,5
"Bush Westfield Collection Bookcases, Fully Assembled",1213.244406,6
Apple iPhone 5C,1211.8788,4
"Sauder Facets Collection Library, Sky Alder Finish",1210.96585,4
Xerox 1891,1203.1860000000001,7
Luxo Professional Magnifying Clamp-On Fluorescent Lamps,1202.3555999999999,4
"Leather Task Chair, Black",1200.936,6
Cisco IP Phone 7961G VoIP phone - Dark gray,1190.922,3
Honeywell Enviracaire Portable HEPA Air Cleaner for up to 10 x 16 Room,1185.6818,3
Hon Valutask Swivel Chairs,1182.4758,4
Hon 4-Shelf Metal Bookcases,1177.4268,4
Tennsco Industrial Shelving,1171.8836000000001,9
Airmail Envelopes,1171.6628,6
"SAFCO Mobile Desk Side File, Wire Frame",1171.624,8
Eldon Cleatmat Plus Chair Mats for High Pile Carpets,1170.5344,5
"Avery 4027 File Folder Labels for Dot Matrix Printers, 5000 Labels per Box, White",1169.9096,11
"Howard Miller 13-3/4"" Diameter Brushed Chrome Round Wall Clock",1163.3400000000001,9
Plantronics Voyager Pro Legend,1161.7836,3
Novimex Turbo Task Chair,1160.5230000000001,6
"Global Armless Task Chair, Royal Blue",1160.4494,8
GE 30522EE2,1159.9,3
"Howard Miller 11-1/2"" Diameter Ridgewood Wall Clock",1159.3008,6
Logitech G430 Surround Sound Gaming Headset with Dolby 7.1 Technology,1158.2552,4
AT&T 17929 Lendline Telephone,1158.144,10
White Computer Printout Paper by Universal,1155.048,8
Nokia Lumia 1020,1151.9744,1
Xerox 1888,1151.7648,6
"Bush Westfield Collection Bookcases, Medium Cherry Finish",1146.397954,9
SanDisk Cruzer 64 GB USB Flash Drive,1143.3536,9
GBC Recycled Regency Composition Covers,1138.2112,6
Boston Heavy-Duty Trimline Electric Pencil Sharpeners,1135.592,5
Case Logic 2.4GHz Wireless Keyboard,1133.7732,8
Office Star - Ergonomically Designed Knee Chair,1132.1004,7
DYMO CardScan Personal V9 Business Card Scanner,1123.1298000000002,3
APC 7 Outlet Network SurgeArrest Surge Protector,1117.0624,8
Maxell 4.7GB DVD-R,1104.5496,11
"File Shuttle II and Handi-File, Black",1103.4584,7
"Trav-L-File Heavy-Duty Shuttle II, Black",1103.1924,7
Fellowes Bankers Box Recycled Super Stor/Drawer,1101.192,7
Tripp Lite Isotel 6 Outlet Surge Protector with Fax/Modem Protection,1097.46,6
Logitech Illuminated - Keyboard,1091.818,6
Panasonic KX T7736-B Digital phone,1091.636,5
Dana Halogen Swing-Arm Architect Lamp,1088.1632,6
Panasonic KX TS208W Corded phone,1087.578,6
Logitech K350 2.4Ghz Wireless Keyboard,1082.9952,5
Xerox 1934,1079.2944,5
Xerox 1906,1070.288,7
Hon 4060 Series Tables,1061.3808,4
Advantus Rolling Drawer Organizers,1054.352,6
Bush Somerset Collection Bookcase,1052.09685,4
Recycled Steel Personal File for Standard File Folders,1046.0868,4
"Eaton Premium Continuous-Feed Paper, 25% Cotton, Letter Size, White, 1000 Shts/Box",1045.2432,10
"Eureka The Boss Lite 10-Amp Upright Vacuum, Blue",1042.08,4
Satellite Sectional Post Binders,1037.0649,11
Maxell LTO Ultrium - 800 GB,1036.7495999999999,8
Star Micronics TSP100 TSP143LAN Receipt Printer,1035.8,1
"Advantus 10-Drawer Portable Organizer, Chrome Metal Frame, Smoke Drawers",1032.6527999999998,4
Sauder Camden County Collection Library,1030.10582,2
Belkin 8 Outlet Surge Protector,1027.7784,7
O'Sullivan 3-Shelf Heavy-Duty Bookcases,1016.14185,5
"Bush Andora Conference Table, Maple/Graphite Gray Finish",1012.2015999999999,4
Eldon ClusterMat Chair Mat with Cordless Antistatic Protection,1004.4192,5
"Deflect-o EconoMat Studded, No Bevel Mat for Low Pile Carpeting",996.6384,9
"Wilson Jones Ledger-Size, Piano-Hinge Binder, 2"", Blue",995.4042,12
ClearSounds CSC500 Amplified Spirit Phone Corded phone,985.4592,6
Boston 1645 Deluxe Heavier-Duty Electric Pencil Sharpener,981.6336,7
Ibico Plastic Spiral Binding Combs,981.312,13
"Snap-A-Way Black Print Carbonless Ruled Speed Letter, Triplicate",980.3696,6
Logitech G13 Programmable Gameboard with LCD Display,975.878,4
Plantronics Voyager Pro HD - Bluetooth Headset,972.2503999999999,5
Star Micronics TSP800 TSP847IIU Receipt Printer,969.427,2
Xerox 1988,969.0544,9
Blue Parrot B250XT Professional Grade Wireless Bluetooth Headset with,965.8712,4
Xerox 1885,960.8,5
"Tenex Contemporary Contur Chairmats for Low and Medium Pile Carpet, Computer, 39"" x 49""",959.1676,4
"Howard Miller 13"" Diameter Pewter Finish Round Wall Clock",958.4208,7
Tenex B1-RE Series Chair Mats for Low Pile Carpets,958.2231999999999,7
O'Sullivan Cherrywood Estates Traditional Barrister Bookcase,956.8607999999999,2
Carina Media Storage Towers in Natural & Black,956.1664000000001,5
Hoover Commercial Lightweight Upright Vacuum with E-Z Empty Dirt Cup,948.9264000000001,3
Avery Arch Ring Binders,948.773,10
"Hon Deluxe Fabric Upholstered Stacking Chairs, Squared Back",946.6424,2
GBC Therma-A-Bind 250T Electric Binding System,944.5632,2
"Sauder Camden County Barrister Bookcase, Planked Cherry Finish",941.2244000000001,3
Hypercom P1300 Pinpad,937.44,7
RCA Visys Integrated PBX 8-Line Router,935.1804,5
Recycled Steel Personal File for Hanging File Folders,933.9936,6
Eureka The Boss Cordless Rechargeable Stick Vac,931.9144,6
Home/Office Personal File Carts,930.1776,7
GBC Prestige Therm-A-Bind Covers,922.5959,10
Global Italian Leather Office Chair,914.2404,2
Imation 16GB Mini TravelDrive USB 2.0 Flash Drive,911.7376,9
netTALK DUO VoIP Telephone Service,911.2264,7
"Tyvek Interoffice Envelopes, 9 1/2"" x 12 1/2"", 100/Box",909.8216,5
Xerox 1909,903.2511999999999,9
Panasonic KX-TG6844B Expandable Digital Cordless Telephone,902.7432,7
LG G2,899.982,1
"Fellowes Premier Superior Surge Suppressor, 10-Outlet, With Phone and Remote",898.1712,7
HTC One,895.9104000000001,4
"Howard Miller 13"" Diameter Goldtone Round Wall Clock",895.6152,6
"Hunt BOSTON Model 1606 High-Volume Electric Pencil Sharpener, Beige",890.4191999999999,1
BoxOffice By Design Rectangular and Half-Moon Meeting Room Tables,889.21875,3
Xerox 1914,885.9552000000001,5
Plantronics Cordless Phone Headset with In-line Volume - M214C,880.74,6
WD My Passport Ultra 1TB Portable External Hard Drive,874.92,6
Imation Secure Drive + Hardware Encrypted USB flash drive - 16 GB,870.7308,6
Global Deluxe High-Back Office Chair in Storm,870.336,3
SanDisk Ultra 64 GB MicroSDHC Class 10 Memory Card,870.1823999999999,6
"Gould Plastics 9-Pocket Panel Bin, 18-3/8w x 5-1/4d x 20-1/2h, Black",869.0360000000001,6
Steel Personal Filing/Posting Tote,863.6032,5
Ativa MDM8000 8-Sheet Micro-Cut Shredder,860.3044,2
AT&T 1070 Corded Phone,856.2432000000001,3
GBC Twin Loop Wire Binding Elements,854.9632,10
Executive Impressions Supervisor Wall Clock,853.7879999999999,4
Fellowes Bases and Tops For Staxonsteel/High-Stak Systems,853.5556,10
Cisco SPA508G,852.5908,5
"Hon Metal Bookcases, Gray",851.76,2
"White Dual Perf Computer Printout Paper, 2700 Sheets, 1 Part, Heavyweight, 20 lbs., 14 7/8 x 11",850.9524,6
Eldon Portable Mobile Manager,849.5312,9
Belkin Premiere Surge Master II 8-outlet surge protector,842.3772,7
Sony 64GB Class 10 Micro SDHC R40 Memory Card,842.166,9
Tripp Lite TLP810NET Broadband Surge for Modem/Fax,839.9856000000001,6
"Hon 30"" x 60"" Table with Locking Drawer",832.1864,3
Okidata B400 Printer,823.6800000000001,2
"Howard Miller 13-1/2"" Diameter Rosebrook Wall Clock",822.4892,5
SanDisk Ultra 32 GB MicroSDHC Class 10 Memory Card,813.28,11
Hewlett-Packard Deskjet 6540 Color Inkjet Printer,813.087,2
Ibico Laser Imprintable Binding System Covers,812.2,8
Kensington 6 Outlet MasterPiece HOMEOFFICE Power Control Center,812.1600000000001,2
Xerox 1883,805.1176,7
Xerox 1913,803.3503999999999,5
Nortel Business Series Terminal T7208 Digital phone,800.5824,3
Green Bar Computer Printout Paper,795.8208,5
"Safco Chair Connectors, 6/Carton",793.0727999999999,4
"Eldon Base for stackable storage shelf, platinum",791.2608,7
Xerox 1960,790.6096,6
"Advantus Employee of the Month Certificate Frame, 11 x 13-1/2",788.0964,5
LG Electronics Tone+ HBS-730 Bluetooth Headset,785.5319999999999,4
Hon Every-Day Chair Series Swivel Task Chairs,781.5308,3
"Boston School Pro Electric Pencil Sharpener, 1670",779.4568,7
"Belkin 19"" Center-Weighted Shelf, Gray",773.8176,4
Xerox 191,757.6416,10
Eldon Radial Chair Mat for Low to Medium Pile Carpets,756.4216,6
Belkin F9G930V10-GRY 9 Outlet Surge,752.9984,5
Novimex High-Tech Fabric Mesh Task Chair,752.388,4
Logitech Desktop MK120 Mouse and keyboard Combo,747.3248,12
Plantronics 81402,744.3672,4
Motorola HK250 Universal Bluetooth Headset,743.9564,9
Tripp Lite Isotel 8 Ultra 8 Outlet Metal Surge,743.7656,3
"Barricks 18"" x 48"" Non-Folding Utility Table with Bottom Storage Shelf",741.8879999999999,5
"Eldon ""L"" Workstation Diamond Chairmat",741.5648000000001,4
Grandstream GXP1160 VoIP phone,727.8720000000001,6
GBC VeloBinder Manual Binding System,727.7178,8
"Global Stack Chair without Arms, Black",724.5822,7
Fellowes Superior 10 Outlet Split Surge Protector,721.6176,9
Logitech Trackman Marble Mouse,720.9596,9
Safco Industrial Shelving,720.7760000000001,5
Memorex Mini Travel Drive 16 GB USB 2.0 Flash Drive,718.65,6
LG Exalt,717.554,3
Xerox 1916,714.5240000000001,7
Xerox 1943,712.1296,4
"Global Stack Chair with Arms, Black",709.9264000000001,7
Eldon Mobile Mega Data Cart  Mega Stackable  Add-On Trays,709.5,6
WD My Passport Ultra 500GB Portable External Hard Drive,708.0,4
"Blue String-Tie & Button Interoffice Envelopes, 10 x 13",706.8464,7
Catalog Binders with Expanding Posts,706.44,8
"Canon Color ImageCLASS MF8580Cdw Wireless Laser All-In-One Printer, Copier, Scanner",705.5853,1
Logitech G105 Gaming Keyboard,702.9408000000001,5
Panasonic Kx-TS550,702.7272,7
Fellowes 8 Outlet Superior Workstation Surge Protector,699.0596,5
Xerox 1964,696.1632,4
Plantronics Encore H101 Dual Earpieces Headset,695.826,7
Cisco CP-7937G Unified IP Conference Station Phone,695.7,2
Cisco Small Business SPA 502G VoIP phone,693.3732,4
Logitech MX Performance Wireless Mouse,687.7036,7
Premium Transparent Presentation Covers by GBC,686.2558,10
"Deflect-o EconoMat Nonstudded, No Bevel Mat",685.912,3
Tops White Computer Printout Paper,684.74,4
"Bush Cubix Collection Bookcases, Fully Assembled",682.8281999999999,3
"Sauder Forest Hills Library with Doors, Woodland Oak Finish",680.1405,3
Balt Split Level Computer Training Table,675.7125,5
Holmes Harmony HEPA Air Purifier for 17 x 20 Room,675.12,1
"Sauder Mission Library with Doors, Fruitwood Finish",673.7873159999999,3
Staples,669.39,46
Belkin 8 Outlet SurgeMaster II Gold Surge Protector,662.779,5
"Howard Miller 11-1/2"" Diameter Brentwood Wall Clock",660.7516,4
Innergie mMini Combo Duo USB Travel Charging Kit,660.4532,6
SAFCO Folding Chair Trolley,657.8712,3
"Safco Value Mate Series Steel Bookcases, Baked Enamel Finish on Steel, Gray",657.06186,6
Euro-Pro Shark Turbo Vacuum,652.4388,6
"Safco Value Mate Steel Bookcase, Baked Enamel Finish on Steel, Black",651.9513,3
Vinyl Sectional Post Binders,649.571,11
Hunt Boston Vacuum Mount KS Pencil Sharpener,649.4144,5
Belkin 8 Outlet SurgeMaster II Gold Surge Protector with Phone Protection,647.84,1
"Tenex Carpeted, Granite-Look or Clear Contemporary Contour Shape Chair Mats",644.8752,5
Avery 485,639.03,8
Ibico Recycled Linen-Style Covers,637.4592,4
Panasonic KP-380BK Classic Electric Pencil Sharpener,636.1264,6
Xerox 1886,636.112,5
Bush Mission Pointe Library,634.840704,3
"Deflect-o DuraMat Lighweight, Studded, Beveled Mat for Low Pile Carpeting",632.926,6
"Strathmore #10 Envelopes, Ultimate White",632.52,4
Belkin 7 Outlet SurgeMaster II,631.68,3
Safco Steel Mobile File Cart,630.2016,5
Balt Solid Wood Rectangular Table,623.1821749999999,4
Xerox 1951,617.1216000000001,6
JBL Micro Wireless Portable Bluetooth Speaker,616.6972,6
Clarity 53712,615.0268,4
Xerox 1880,612.4032,5
"Tyvek  Top-Opening Peel & Seel  Envelopes, Gray",610.98,3
"TRENDnet 56K USB 2.0 Phone, Internet and Fax Modem",609.9684,5
Global Chrome Stack Chair,609.4984,6
Tuf-Vin Binders,607.5992,7
"Metal Folding Chairs, Beige, 4/Carton",606.8472,5
"Logitech B530 USB Headset - headset - Full size, Binaural",606.636,10
Fellowes 8 Outlet Superior Workstation Surge Protector w/o Phone/Fax/Modem Protection,606.5047999999999,5
O'Sullivan 2-Shelf Heavy-Duty Bookcases,605.7926,6
"Global Deluxe Stacking Chair, Gray",604.6228,7
"Bush Westfield Collection Bookcases, Dark Cherry Finish",600.6728,3
Plantronics MX500i Earset,597.864,7
OtterBox Defender Series Case - Samsung Galaxy S4,593.802,8
Howard Miller 12-3/4 Diameter Accuwave DS  Wall Clock,591.7488000000001,2
Riverside Furniture Stanwyck Manor Table Series,590.911,3
Xerox 1911,588.212,5
"Companion Letter/Legal File, Black",587.5456,5
Microsoft Wireless Mobile Mouse 4000,585.4536,4
Xblue XB-1670-86 X16 Small Office Telephone - Titanium,584.5935999999999,2
RCA ViSYS 25825 Wireless digital phone,582.3552,2
Xerox 1940,580.3776,4
"Bush Birmingham Collection Bookcase, Dark Cherry",577.6217999999999,1
"Xerox Color Copier Paper, 11"" x 17"", Ream",575.568,6
AT&T CL2909,574.5144,3
"Computer Room Manger, 14""",574.2464,7
First Data TMFD35 PIN Pad,571.2,2
Xerox 1882,570.996,5
Avaya 4621SW VoIP phone,567.936,4
Xerox 1942,565.7464,6
Eldon ProFile File 'N Store Portable File Tub Letter/Legal Size Black,564.6244,7
Eldon Advantage Chair Mats for Low to Medium Pile Carpets,563.03,5
Surelock Post Binders,562.9152,8
Xerox 1991,560.9504,6
Sony Micro Vault Click 8 GB USB 2.0 Flash Drive,560.1207999999999,4
Anker Astro 15000mAh USB Portable Charger,559.888,5
Sanford 52201 APSCO Electric Pencil Sharpener,558.8308000000001,4
Panasonic KX T7731-B Digital phone,555.9444,3
"Contico 72""H Heavy-Duty Storage System",552.4104,5
"BOSTON Ranger #55 Pencil Sharpener, Black",552.0276,9
Panasonic KP-150 Electric Pencil Sharpener,549.4944,4
Microsoft Natural Ergonomic Keyboard 4000,548.2172,5
Binding Machine Supplies,547.5209,9
Panasonic Business Telephones KX-T7736,546.06,1
Fellowes Command Center 5-outlet power strip,545.4336000000001,4
GBC Premium Transparent Covers with Diagonal Lined Pattern,545.0604,14
Avery 477,544.6552,4
Memorex Mini Travel Drive 64 GB USB 2.0 Flash Drive,543.6,6
iHome FM Clock Radio with Lightning Dock,543.1224,5
Flat Face Poster Frame,542.592,12
Lexmark 20R1285 X6650 Wireless All-in-One Printer,540.0,2
Bevis Rectangular Conference Tables,538.6662,4
Xerox 1944,536.4384,6
Tensor Computer Mounted Lamp,536.04,8
Epson TM-T88V Direct Thermal Printer - Monochrome - Desktop,531.7245,2
Newell 334,528.5376,6
"Office Star - Contemporary Task Swivel chair with 2-way adjustable arms, Plum",527.8494000000001,2
Xerox 1935,525.4896,4
"Wilson Jones Elliptical Ring 3 1/2"" Capacity Binders, 800 sheets",522.5880000000001,8
"Premium Transparent Presentation Covers, No Pattern/Clear, 8 1/2"" x 11""",519.652,7
"Conquest 14 Commercial Heavy-Duty Upright Vacuum, Collection System, Accessory Kit",519.4752,4
Xerox 1910,516.9104,5
Bionaire Personal Warm Mist Humidifier/Vaporizer,515.79,3
Logitech ClearChat Comfort/USB Headset H390,514.3324,6
Belkin F8E887 USB Wired Ergonomic Keyboard,511.0296,8
Memorex Froggy Flash Drive 8 GB,510.49,8
Howard Miller Distant Time Traveler Alarm Clock,510.012,6
Staple holder,507.3816,13
"Tyvek  Top-Opening Peel & Seel Envelopes, Plain White",505.548,7
Rogers Profile Extra Capacity Storage Tub,505.54799999999994,7
Sauder Barrister Bookcases,504.47300800000005,3
Wilson Jones Heavy-Duty Casebound Ring Binders with Metal Hinges,504.35839999999996,6
Fellowes Econo/Stor Drawers,504.03600000000006,2
"Maxell 74 Minute CD-R Spindle, 50/Pack",503.28,5
Memorex Micro Travel Drive 16 GB,502.7256,6
Southworth 25% Cotton Premium Laser Paper and Envelopes,501.8976,5
Samsung Convoy 3,501.6748,2
PureGear Roll-On Screen Protector,501.3492,5
"Decoflex Hanging Personal Folder File, Blue",500.84159999999997,9
"Tenex Personal Project File with Scoop Front Design, Black",500.37760000000003,10
Boston KS Multi-Size Manual Pencil Sharpener,500.2624,7
"Dana Fluorescent Magnifying Lamp, White, 36""",499.60400000000004,4
"Howard Miller 16"" Diameter Gallery Wall Clock",498.73199999999997,4
Office Star - Task Chair with Contemporary Loop Arms,496.7508,2
Space Solutions Industrial Galvanized Steel Shelving.,494.864,3
Alphabetical Labels for Top Tab Filing,494.32,9
Belkin F9H710-06 7 Outlet SurgeMaster Surge Protector,492.10080000000005,8
"Boston Electric Pencil Sharpener, Model 1818, Charcoal Black",492.062,8
Xerox 1889,490.2432,3
Belkin F9M820V08 8 Outlet Surge,489.97200000000004,3
I Need's 3d Hello Kitty Hybrid Silicone Case Cover for HTC One X 4g with 3d Hello Kitty Stylus Pen Green/pink,486.5328,10
"Performers Binder/Pad Holder, Black",486.0402,8
"Eldon Delta Triangular Chair Mat, 52"" x 58"", Clear",485.504,6
Safco Drafting Table,485.5032,4
Anker Ultra-Slim Mini Bluetooth 3.0 Wireless Keyboard,483.75800000000004,5
Cherry 142-key Programmable Keyboard,479.72,1
"#10 White Business Envelopes,4 1/8 x 9 1/2",478.87519999999995,7
Anker Ultrathin Bluetooth Wireless Keyboard Aluminum Cover with Stand ,477.44079999999997,4
Newell 319,476.95360000000005,8
Lock-Up Easel 'Spel-Binder',473.8833,7
Panasonic KX TS3282B Corded phone,472.26240000000007,3
AT&T CL82213,471.9572,5
12-1/2 Diameter Round Wall Clock,469.9296,8
Kensington SlimBlade Notebook Wireless Mouse with Nano Receiver ,469.906,4
Grandstream GXP2100 Mainstream Business Phone,468.1188,4
Xerox 1884,466.7328,8
Xerox 1887,466.662,8
Logitech Wireless Anywhere Mouse MX for PC and Mac,465.5224,3
"BOSTON Model 1800 Electric Pencil Sharpeners, Putty/Woodgrain",461.7264,6
Safco Commercial Shelving,461.3792,5
"DataProducts Ampli Magnifier Task Lamp, Black,",461.10240000000005,5
Fellowes Super Stor/Drawer,459.54,4
"Sortfiler Multipurpose Personal File Organizer, Black",459.4572,6
Logitech Media Keyboard K200,459.0688,4
"iKross Bluetooth Portable Keyboard + Cell Phone Stand Holder + Brush for Apple iPhone 5S 5C 5, 4S 4",457.548,5
Xerox 197,457.26480000000004,3
DAX Natural Wood-Tone Poster Frame,456.51520000000005,5
Nokia Lumia 521 (T-Mobile),455.84799999999996,5
Panasonic KX - TS880B Telephone,453.41999999999996,3
"Seth Thomas 14"" Day/Date Wall Clock",453.40160000000003,6
Jensen SMPS-640 - speaker phone,452.44320000000005,4
Kingston Digital DataTraveler 16GB USB 2.0,452.154,13
Avaya 5410 Digital phone,451.4536,4
Fellowes Neat Ideas Storage Cubes,449.5232,7
Jet-Pak Recycled Peel 'N' Seal Padded Mailers,449.3428,4
"Green Canvas Binder for 8-1/2"" x 14"" Sheets",448.97200000000004,5
"Howard Miller 11-1/2"" Diameter Grantwood Wall Clock",448.552,6
Staples in misc. colors,447.6696,19
Hon 61000 Series Interactive Training Tables,447.4101,9
Cisco SPA112 2 Port Phone Adapter,446.194,3
Enermax Briskie RF Wireless Keyboard and Mouse Combo,446.1396,5
Belkin QODE FastFit Bluetooth Keyboard,446.04,2
24-Hour Round Wall Clock,445.95360000000005,6
"Tenex V2T-RE Standard Weight Series Chair Mat, 45"" x 53"", Lip 25"" x 12""",445.75440000000003,3
Xerox 1881,444.536,11
Newell 345,444.41600000000005,9
9-3/4 Diameter Round Wall Clock,444.038,8
"Acme 10"" Easy Grip Assistive Scissors",443.15840000000003,8
"Personal Filing Tote with Lid, Black/Gray",441.7248,8
DAX Wood Document Frame,440.4584,9
Xerox 1937,438.12480000000005,4
"C-Line Cubicle Keepers Polyproplyene Holder w/Velcro Back, 8-1/2x11, 25/Bx",435.73040000000003,4
"GBC Velobind Prepunched Cover Sets, Regency Series",435.2546,7
Xerox 1925,434.9592,6
AT&T SB67148 SynJ,432.89439999999996,3
O'Sullivan 5-Shelf Heavy-Duty Bookcases,432.6432,4
Micro Innovations USB RF Wireless Keyboard with Mouse,432.0,6
Newell 34,431.71840000000003,7
Belkin F5C206VTEL 6 Outlet Surge,431.1048,7
Motorola L804,430.4664,6
"IBM Multi-Purpose Copy Paper, 8 1/2 x 11"", Case",428.7632,6
"Acme Hot Forged Carbon Steel Scissors with Nickel-Plated Handles, 3 7/8"" Cut, 8""L",425.34,7
"Howard Miller 12"" Round Wall Clock",422.7604,2
Imation Clip USB flash drive - 8 GB,422.624,7
Acco Perma 4000 Stacking Storage Drawers,421.5904,11
Wilson Jones Century Plastic Molded Ring Binders,421.0079,10
"Perixx PERIBOARD-512B, Ergonomic Split Keyboard",419.88,3
Xerox 1939,417.34,5
"Memorex 25GB 6X Branded Blu-Ray Recordable Disc, 30/Pack",416.628,4
"Acco Smartsocket Table Surge Protector, 6 Color-Coded Adapter Outlets",416.3555,3
Mobile Personal File Cube,415.9392,5
"Floodlight Indoor Halogen Bulbs, 1 Bulb per Pack, 60 Watts",414.384,6
GE DSL Phone Line Filter,412.69680000000005,4
Rogers Deluxe File Chest,412.3448,8
Samsung HM1900 Bluetooth Headset,410.904,7
Imation 32GB Pocket Pro USB 3.0 Flash Drive - 32 GB - Black - 1 P ...,409.716,5
Jackery Bar Premium Fast-charging Portable Charger,409.716,4
Kensington 6 Outlet Guardian Standard Surge Protector,409.6,6
Fellowes Basic Home/Office Series Surge Protectors,409.1296,9
Socket Bluetooth Cordless Hand Scanner (CHS),405.024,1
Prismacolor Color Pencil Set,404.736,7
"Deflect-o SuperTray Unbreakable Stackable Tray, Letter, Black",402.684,4
"Safco Wire Cube Shelving System, For Use as 4 or 5 14"" Cubes, Black",401.6992,4
Advantus Rolling Storage Box,401.31,10
Electrix Fluorescent Magnifier Lamps & Weighted Base,400.6408,2
Xerox 194,399.456,4
Acco 6 Outlet Guardian Premium Surge Suppressor,397.9248,8
"Dixon Ticonderoga Core-Lock Colored Pencils, 48-Color Set",396.202,2
Lexmark X 9575 Professional All-in-One Color Printer,396.0,1
Boston 16801 Nautilus Battery Pencil Sharpener,395.29960000000005,6
Deluxe Heavy-Duty Vinyl Round Ring Binder,394.68240000000003,7
GBC Recycled VeloBinder Covers,392.6016,8
"Boston Model 1800 Electric Pencil Sharpener, Gray",391.848,3
"Seth Thomas 12"" Clock w/ Goldtone Case",390.66,3
"Avery Trapezoid Ring Binder, 3"" Capacity, Black, 1040 sheets",390.5394,7
Boston 1799 Powerhouse Electric Pencil Sharpener,389.70000000000005,3
Tenex Chairmats For Use with Hard Floors,384.5632,6
Rush Hierlooms Collection Rich Wood Bookcases,384.291456,2
invisibleSHIELD by ZAGG Smudge-Free Screen Protector,383.5468,7
V7 USB Numeric Keypad,383.4904,4
Ricoh - Ink Collector Unit for GX3000 Series Printers,383.00350000000003,3
"TOPS Carbonless Receipt Book, Four 2-3/4 x 7-1/4 Money Receipts per Page",381.23519999999996,4
Model L Table or Wall-Mount Pencil Sharpener,379.9488,5
Acco Smartsocket Color-Coded Six-Outlet AC Adapter Model Surge Protectors,378.486,4
Bevis Round Conference Room Tables and Bases,378.30190000000005,2
Fellowes Advanced Computer Series Surge Protectors,378.2772,6
AT&T EL51110 DECT,377.97,1
"Executive Impressions 14""",377.90999999999997,4
Wilson Jones Legal Size Ring Binders,377.7882,9
14-7/8 x 11 Blue Bar Computer Printout Paper,376.6336,4
Xerox 19,375.47760000000005,4
"GBC Prepunched Paper, 19-Hole, for Binding Systems, 24-lb",371.7977,7
Poly Designer Cover & Back,370.6848,7
Globe Weis Peel & Seel First Class Envelopes,369.5976,7
Round Specialty Laser Printer Labels,366.8784,6
Staple-based wall hangings,366.7952,16
Computer Printout Paper with Letter-Trim Perforations,366.5004,7
"Tennsco Lockers, Sand",363.3736,5
i.Sound Portable Power - 8000 mAh,362.45160000000004,5
DAX Black Cherry Wood-Tone Poster Frame,362.2464,8
Nu-Dell Executive Frame,360.9984,6
Hewlett-Packard Deskjet D4360 Printer,358.37440000000004,1
Cisco SPA525G2 IP Phone - Wireless,358.302,5
Hewlett-Packard Deskjet 5550 Printer,358.27919999999995,1
"Multi-Use Personal File Cart and Caster Set, Three Stacking Bins",357.33279999999996,5
O'Sullivan Cherrywood Estates Traditional Bookcase,356.91600000000005,2
Logitech Wireless Touch Keyboard K400,356.85720000000003,3
"Tennsco Lockers, Gray",355.8208,6
Dexim XPower Skin Super-Thin Power Case for iPhone 5 - Black,355.6192,3
"Global Task Chair, Black",352.66769999999997,5
Logitech Wireless Headset H600 Over-The-Head Design,352.51800000000003,2
"Logitech Wireless Boombox Speaker - portable - wireless, wired",348.992,2
Pizazz Global Quick File,348.5016,6
GBC Recycled Grain Textured Covers,347.12700000000007,5
SanDisk Cruzer 32 GB USB Flash Drive,346.164,6
Canon PC170 Desktop Personal Copier,345.492,2
"Acco Flexible ACCOHIDE Square Ring Data Binder, Dark Blue, 11 1/2"" X 14"" 7/8""",343.297,10
Imation 8gb Micro Traveldrive Usb 2.0 Flash Drive,342.6,8
Tops Green Bar Computer Printout Paper,342.58,3
Boston 19500 Mighty Mite Electric Pencil Sharpener,342.55,4
Kingston Digital DataTraveler 32GB USB 2.0,342.39,7
Xerox 1929,340.7728,4
"Seth Thomas 16"" Steel Case Clock",340.3904,5
Avery 505,339.808,7
"Seth Thomas 14"" Putty-Colored Wall Clock",339.1704,4
Luxo Economy Swing Arm Lamp,338.98,5
"HP Officejet Pro 8600 e-All-In-One Printer, Copier, Scanner, Fax",338.9774,2
Ibico Standard Transparent Covers,338.3344,10
"Maxell Pro 80 Minute CD-R, 10/Pack",337.71360000000004,4
36X48 HARDFLOOR CHAIRMAT,337.35839999999996,6
Eldon Gobal File Keepers,336.108,6
Clearsounds A400,335.2292,3
"Acco Six-Outlet Power Strip, 4' Cord Length",334.8008,9
"SimpliFile Personal File, Black Granite, 15w x 6-15/16d x 11-1/4h",334.598,8
Memorex Micro Travel Drive 32 GB,332.97119999999995,5
OtterBox Commuter Series Case - Samsung Galaxy S4,332.8668,4
Holmes Odor Grabber,332.23679999999996,8
Tennsco Commercial Shelving,331.9488,9
Eldon Econocleat Chair Mats for Low Pile Carpets,331.76,2
Sterilite Officeware Hinged File Box,329.072,11
Xerox 226,327.1104,11
Multimedia Mailers,325.86,1
KeyTronic E03601U1 - Keyboard - Beige,324.0,6
Eldon Simplefile Box Office,323.93760000000003,8
Griffin GC17055 Auxiliary Audio Cable,323.82,6
"Executive Impressions 14"" Contract Wall Clock",321.8904,7
"Eldon Executive Woodline II Desk Accessories, Mahogany",321.664,5
Personal Creations Ink Jet Cards and Labels,321.44,4
KeyTronic 6101 Series - Keyboard - Black,321.36160000000007,2
GBC Standard Therm-A-Bind Covers,321.2188,12
Konica Minolta magicolor 1690MF Multifunction Printer,319.92,1
Acco Perma 3000 Stacking Storage Drawers,319.7352,6
"Memorex 25GB 6X Branded Blu-Ray Recordable Disc, 15/Pack",319.41200000000003,5
Xerox 1979,318.4744,3
"BlueLounge Milo Smartphone Stand, White/Metallic",316.6944,3
Imation 8GB Mini TravelDrive USB 2.0 Flash Drive,316.3912,3
I.R.I.S IRISCard Anywhere 5 Card Scanner,315.8757,1
Canvas Sectional Post Binders,315.1948,6
"XtraLife ClearVue Slant-D Ring Binder, White, 3""",314.5924,10
Eldon Advantage Foldable Chair Mats for Low Pile Carpets,314.36,3
Kensington K72356US Mouse-in-a-Box USB Desktop Mouse,313.8828,6
Fellowes Mighty 8 Compact Surge Protector,312.158,6
Microsoft Arc Touch Mouse,311.74,2
"Rogers Jumbo File, Granite",311.2536,7
"Tenex File Box, Personal Filing Tote with Lid, Black",310.8204,7
"White Business Envelopes with Contemporary Seam, Recycled White Business Envelopes",308.9456,6
Cisco Desktop Collaboration Experience DX650 IP Video Phone,308.64000000000004,1
Motorla HX550 Universal Bluetooth Headset,308.49,4
"White Envelopes, White Envelopes with Clear Poly Window",308.05,5
Fiskars Softgrip Scissors,307.44,7
Lenovo 17-Key USB Numeric Keypad,307.2696,5
Holmes 99% HEPA Air Purifier,305.8392,4
Eldon Cleatmat Chair Mats for Medium Pile Carpets,304.14,4
X-Rack File for Hanging Folders,302.1204,9
2300 Heavy-Duty Transfer File Systems by Perma,300.7592,4
Acme Box Cutter Scissors,298.716,6
"Premier Elliptical Ring Binder, Black",298.6164,9
Bulldog Vacuum Base Pencil Sharpener,298.3112,6
Coloredge Poster Frame,298.2,6
Letter Size File,296.956,2
Maxell DVD-RAM Discs,296.64,3
Xerox 1933,294.72,5
"Seth Thomas 13 1/2"" Wall Clock",293.72560000000004,5
Classic Ivory Antique Telephone ZL1810,293.4308,2
Boston Home & Office Model 2000 Electric Pencil Sharpeners,290.422,6
Eldon Shelf Savers Cubes and Bins,288.97200000000004,8
NeatDesk Desktop Scanner & Digital Filing System,287.9928,1
Micropad Numeric Keypads,285.4572,4
Clear Mylar Reinforcing Strips,285.2094,7
Trimflex Flexible Post Binders,284.7816,4
"DAX Contemporary Wood Frame with Silver Metal Mat, Desktop, 11 x 14 Size",281.7408,5
Memorex Mini Travel Drive 32 GB USB 2.0 Flash Drive,280.0,2
"Epson WorkForce WF-2530 All-in-One Printer, Copier Scanner",279.96,2
"Executive Impressions 13"" Clairmont Wall Clock",278.4504,8
Belkin 8-Outlet Premiere SurgeMaster II Surge Protectors,277.92,2
Eldon Fold 'N Roll Cart System,275.1264,5
"Contract Clock, 14"", Brown",274.3104,5
GBC Durable Plastic Covers,274.1895,8
Stanley Contemporary Battery Pencil Sharpeners,272.34,4
Peel-Off China Markers,272.082,7
SanDisk Ultra 16 GB MicroSDHC Class 10 Memory Card,271.7508,7
Anker 36W 4-Port USB Wall Charger Travel Power Adapter for iPhone 5s 5c 5,271.0644,6
Aluminum Screw Posts,269.4916,11
"Recycled Desk Saver Line ""While You Were Out"" Book, 5 1/2"" X 4""",268.5,5
"Square Ring Data Binders, Rigid 75 Pt. Covers, 11"" x 14-7/8""",268.32000000000005,7
Tensor Track Tree Floor Lamp,267.866,4
Memorex Micro Travel Drive 8 GB,267.8,8
"Avery Address/Shipping Labels for Typewriters, 4"" x 2""",267.444,7
"Vinyl Coated Wire Paper Clips in Organizer Box, 800/Box",266.7952,8
Avery 475,266.4,4
"Executive Impressions 14"" Two-Color Numerals Wall Clock",265.3696,6
Acme Forged Steel Scissors with Black Enamel Handles,264.404,8
HP Standard 104 key PS/2 Keyboard,263.9,6
Advantus Panel Wall Certificate Holder - 8.5x11,263.032,6
"Neat Ideas Personal Hanging Folder Files, Black",261.6164,7
Newell 324,261.492,7
"REDIFORM Incoming/Outgoing Call Register, 11"" X 8 1/2"", 100 Messages",260.5416,8
3M Office Air Cleaner,259.8,2
Maxell 4.7GB DVD+RW 3/Pack,259.3404,4
Xerox 1898,259.184,11
RCA ViSYS 25425RE1 Corded phone,259.18080000000003,1
Westinghouse Clip-On Gooseneck Lamps,258.80039999999997,9
"Executive Impressions 10"" Spectator Wall Clock",258.72,5
"#10- 4 1/8"" x 9 1/2"" Recycled Envelopes",257.3056,10
"Southworth 100% Résumé Paper, 24lb.",255.4952,7
Macally Suction Cup Mount,254.774,4
"Fellowes Personal Hanging Folder Files, Navy",254.6328,4
Adjustable Personal File Tote,252.01440000000002,5
GBC VeloBind Cover Sets,251.98080000000002,11
Magnifier Swing Arm Lamp,251.76000000000002,5
Sauder Cornerstone Collection Library,251.5576,3
Sony 32GB Class 10 Micro SDHC R40 Memory Card,251.4,4
Desktop 3-Pocket Hot File,251.024,2
Sony Micro Vault Click 4 GB USB 2.0 Flash Drive,250.92000000000002,3
Ultra Door Pull Handle,249.95520000000002,6
Hand-Finished Solid Wood Document Frame,249.19439999999997,3
"GBC Pre-Punched Binding Paper, Plastic, White, 8-1/2"" x 11""",249.12420000000003,8
3M Replacement Filter for Office Air Cleaner for 20' x 33' Room,248.7552,4
Eldon Wave Desk Accessories,248.518,14
Avery 473,248.4,6
Belkin OmniView SE Rackmount Kit,248.35999999999999,2
Xerox 1890,244.7,2
"Atlantic Metals Mobile 2-Shelf Bookcases, Custom Colors",244.54650399999997,2
"Iris 3-Drawer Stacking Bin, Black",243.9952,3
File Shuttle I and Handi-File,241.29840000000002,3
Embossed Ink Jet Note Cards,241.0476,4
Staple remover,240.9344,18
RCA H5401RE1 DECT 6.0 4-Line Cordless Handset With Caller ID/Call Waiting,239.97,1
Hanging Personal Folder File,238.64,5
Staple magnet,238.3736,10
Nu-Dell Leatherette Frames,237.4704,3
Stanley Bostitch Contemporary Electric Pencil Sharpeners,237.0408,7
Brown Kraft Recycled Envelopes,236.3616,5
"Wirebound Message Books, Four 2 3/4"" x 5"" Forms per Page, 600 Sets per Book",236.1996,9
"Recycled Interoffice Envelopes with String and Button Closure, 10 x 13",236.0616,5
Strathmore Photo Mount Cards,235.6728,9
"Peel & Seel Recycled Catalog Envelopes, Brown",234.3792,6
Panasonic KP-4ABK Battery-Operated Pencil Sharpener,234.24,4
Acco 6 Outlet Guardian Premium Plus Surge Suppressor,233.76319999999998,6
"Executive Impressions 13"" Chairman Wall Clock",233.496,3
OtterBox Commuter Series Case - iPhone 5 & 5s,233.094,4
Belkin Standard 104 key USB Keyboard,232.8564,6
"LF Elite 3D Dazzle Designer Hard Case Cover, Lf Stylus Pen and Wiper For Apple Iphone 5c Mini Lite",231.08,8
Belkin 6 Outlet Metallic Surge Strip,229.8879,9
"Tenex Personal Filing Tote With Secure Closure Lid, Black/Frost",229.54800000000003,5
Apple EarPods with Remote and Mic,229.518,4
Recycled Easel Ring Binders,228.1268,9
Recycled Eldon Regeneration Jumbo File,227.9168,6
Plastic Binding Combs,227.856,5
Berol Giant Pencil Sharpener,227.666,4
Mediabridge Sport Armband iPhone 5s,227.3724,7
"Adams Phone Message Book, 200 Message Capacity, 8 1/16 x 11",227.04,8
"Verbatim 25 GB 6x Blu-ray Single Layer Recordable Disc, 25/Pack",226.2216,5
Black & Decker Filter for Double Action Dustbuster Cordless Vac BLDV7210,225.8588,6
GBC Poly Designer Binding Covers,225.82260000000002,6
"Acco Data Flex Cable Posts For Top & Bottom Load Binders, 6"" Capacity",225.0794,10
Aluminum Document Frame,224.848,5
Avery 50,223.5352,5
"Adams Telephone Message Book w/Frequently-Called Numbers Space, 400 Messages per Book",223.44,7
Storex Dura Pro Binders,222.9282,17
DAX Two-Tone Silver Metal Document Frame,221.8304,6
Fellowes Binding Cases,220.89600000000002,5
Martin-Yale Premier Letter Opener,220.50560000000002,7
Portable Personal File Box,218.8032,6
Seidio BD2-HK3IPH5-BK DILEX Case and Holster Combo for Apple iPhone 5/5s - Black,218.31040000000002,3
"Linden 10"" Round Wall Clock, Black",218.1984,6
Spigen Samsung Galaxy S5 Case Wallet,218.1516,5
Lunatik TT5L-002 Taktik Strike Impact Protection System for iPhone 5,217.9788,3
Fellowes Advanced 8 Outlet Surge Suppressor with Phone/Fax Protection,217.63840000000002,3
Lexmark MarkNet N8150 Wireless Print Server,217.05300000000005,2
Advantus Plastic Paper Clips,217.0,10
"Maxell 74 Minute CDR, 10/Pack",215.5512,5
Xerox 1938,214.592,1
Iris Project Case,213.5448,6
"Letter/Legal File Tote with Clear Snap-On Lid, Black Granite",213.2768,4
"GBC White Gloss Covers, Plain Front",211.69760000000002,7
Xerox 216,211.5072,8
Zebra GK420t Direct Thermal/Thermal Transfer Printer,211.11300000000003,1
"Tenex Personal Self-Stacking Standard File Box, Black/Gray",211.0368,5
"Wirebound Message Books, Four 2 3/4 x 5 White Forms per Page",210.6012,7
Lexmark S315 Color Inkjet Printer,209.979,2
Belkin F9S820V06 8 Outlet Surge,209.1712,4
Dixon Ticonderoga Core-Lock Colored Pencils,209.16559999999998,7
Xerox 1982,208.3008,3
Holmes HEPA Air Purifier,208.2168,6
Logitech M510 Wireless Mouse,207.948,3
SANFORD Major Accent Highlighters,207.30239999999998,7
"DAX Two-Tone Rosewood/Black Document Frame, Desktop, 5 x 7",206.2848,8
"Eldon Expressions Desk Accessory, Wood Photo Frame, Mahogany",204.87040000000002,6
Honeywell Enviracaire Portable Air Cleaner for up to 8 x 10 Room,204.84240000000003,2
"Holmes Replacement Filter for HEPA Air Cleaner, Medium Room",203.94,4
Avery Legal 4-Ring Binder,203.2962,4
Quality Park Security Envelopes,203.07920000000001,4
Kingston Digital DataTraveler 64GB USB 2.0,202.68,2
Xerox 188,202.3056,8
Wasp CCD Handheld Bar Code Reader,201.90599999999998,1
Petty Cash Envelope,201.6608,3
Fellowes Desktop Hanging File Manager,201.45000000000002,4
"Seth Thomas 8 1/2"" Cubicle Clock",201.1776,4
Advantus Motivational Note Cards,200.692,5
ARKON Windshield Dashboard Air Vent Car Mount Holder,200.688,4
iOttie HLCRIO102 Car Mount,199.9,5
"GBC Twin Loop Wire Binding Elements, 9/16"" Spine, Black",198.9254,9
Logitech LS21 Speaker System - PC Multimedia - 2.1-CH - Wired,198.30079999999998,6
"Fiskars 8"" Scissors, 2/Pack",197.9152,4
Panasonic KP-310 Heavy-Duty Electric Pencil Sharpener,197.82,2
"Eureka Hand Vacuum, Bagless",197.72,1
"Rediform S.O.S. 1-Up Phone Message Bk, 4-1/4x3-1/16 Bk, 1 Form/Pg, 40 Messages/Bk, 3/Pk",196.98000000000002,5
Xerox 214,195.4368,9
"Avery Trapezoid Extra Heavy Duty 4"" Binders",195.02100000000002,4
Xerox 1912,195.0116,4
3M Polarizing Light Filter Sleeves,193.96,4
"Avery Hi-Liter EverBold Pen Style Fluorescent Highlighters, 4/Pack",193.73200000000003,6
Newell 312,193.6544,11
Eldon 500 Class Desk Accessories,192.1544,6
"Belkin SportFit Armband For iPhone 5s/5c, Fuchsia",191.872,5
Computer Printout Paper with Letter-Trim Fine Perforations,191.6,1
Xerox 1931,191.2896,8
Large Capacity Hanging Post Binders,190.3685,5
SAFCO Optional Arm Kit for Workspace Cribbage Stacking Chair,190.2096,5
"Career Cubicle Clock, 8 1/4"", Black",188.1984,3
Xerox 209,187.92000000000002,5
"Alliance Super-Size Bands, Assorted Sizes",187.6536,4
Acme Galleria Hot Forged Steel Scissors with Colored Handles,187.5016,3
"Avery Flip-Chart Easel Binder, Black",187.3206,4
Southworth 25% Cotton Antique Laid Paper & Envelopes,186.816,5
Xerox 1895,186.57600000000002,7
Laser & Ink Jet Business Envelopes,186.5116,5
Standard Line While You Were Out Hardbound Telephone Message Book,186.3904,2
GBC Imprintable Covers,186.2208,8
Acco Perma 2700 Stacking Storage Drawers,184.388,4
Xerox 225,183.51360000000003,9
"DAX Executive Solid Wood Document Frame, Desktop or Hang, Mahogany, 5 x 7",182.1584,5
Wilson Jones Turn Tabs Binder Tool for Ring Binders,181.4248,13
"Fellowes Smart Surge Ten-Outlet Protector, Platinum",180.66,1
"Wirebound Message Book, 4 per Page",180.276,7
"Inter-Office Recycled Envelopes, Brown Kraft, Button-String,10"" x 13"" , 100/Box",180.236,3
Project Tote Personal File,180.1452,4
DXL Angle-View Binders with Locking Rings by Samsill,179.41170000000002,10
iOttie XL Car Mount,179.1104,2
Acme Tagit Stainless Steel Antibacterial Scissors,178.596,6
Sony 16GB Class 10 Micro SDHC R40 Memory Card,178.3976,4
Avery Non-Stick Binders,177.8938,20
Wilson Jones Leather-Like Binders with DublLock Round Rings,177.48090000000002,12
Tenex Chairmats For Use With Carpeted Floors,175.78,4
Gear Head AU3700S Headset,175.1052,3
Ibico Covers for Plastic or Wire Binding Elements,174.8,7
"DAX Value U-Channel Document Frames, Easel Back",174.7452,10
"GBC Standard Recycled Report Covers, Clear Plastic Sheets",173.77360000000002,12
Xerox 1996,172.1088,8
Deluxe Chalkboard Eraser Cleaner,171.40200000000002,5
Boston 1730 StandUp Electric Pencil Sharpener,171.04,3
Logitech Illuminated Ultrathin Keyboard with Backlighting,170.97,1
Cisco SPA 501G IP Phone,170.784,1
Personal File Boxes with Fold-Down Carry Handle,170.1336,5
"Speediset Carbonless Redi-Letter 7"" x 8 1/2""",169.90879999999999,5
Bionaire 99.97% HEPA Air Cleaner,168.8928,4
Newell 309,168.63,5
4009 Highlighters by Sanford,167.956,8
"Westinghouse Floor Lamp with Metal Mesh Shade, Black",167.93,4
Super Decoflex Portable Personal File,167.776,5
"Sanford Prismacolor Professional Thick Lead Art Pencils, 36-Color Set",167.7312,3
"Master Caster Door Stop, Brown",167.4368,9
White GlueTop Scratch Pads,167.2448,2
"Perma STOR-ALL Hanging File Box, 13 1/8""W x 12 1/4""D x 10 1/2""H",167.20080000000002,8
Texas Instruments TI-34 Scientific Calculator,166.9041,3
Xerox 1997,166.40640000000002,8
Xerox 1892,165.8928,2
Avery 490,165.76,5
Global Enterprise Series Seating Low-Back Swivel/Tilt Chairs,165.74720000000002,1
Xerox 1894,165.6288,5
JM Magazine Binder,165.4302,6
"Adams Telephone Message Book W/Dividers/Space For Phone Numbers, 5 1/4""X8 1/2"", 200/Messages",165.40159999999997,7
Memorex Mini Travel Drive 8 GB USB 2.0 Flash Drive,164.8992,5
Electrix 20W Halogen Replacement Bulb for Zoom-In Desk Lamp,164.552,5
"Verbatim 25 GB 6x Blu-ray Single Layer Recordable Disc, 3/Pack",164.40480000000002,6
Hoover Commercial SteamVac,164.0464,4
Xerox 202,162.7776,8
BIC Liqua Brite Liner,162.39600000000002,6
Avery 486,162.28199999999998,9
"Eldon Image Series Desk Accessories, Ebony",161.538,5
Pyle PRT45 Retro Home Telephone,161.25440000000003,1
Crate-A-Files,160.88400000000001,7
"Eldon Expressions Wood and Plastic Desk Accessories, Cherry Wood",160.54000000000002,5
"Elite 5"" Scissors",160.212,7
PayAnywhere Card Reader,159.84,5
Xerox 1968,159.25119999999998,5
Lumber Crayons,158.782,6
Xerox 1973,158.0528,2
Avery 499,157.9656,11
"Eldon Expressions Wood Desk Accessories, Oak",157.6368,12
"Angle-D Binders with Locking Rings, Label Holders",157.023,10
Xerox 1978,156.9848,8
Artistic Insta-Plaque,156.8,3
"Acco PRESSTEX Data Binder with Storage Hooks, Dark Blue, 14 7/8"" X 11""",156.4504,7
Nu-Dell Float Frame 11 x 14 1/2,155.5336,7
"Eldon Stackable Tray, Side-Load, Legal, Smoke",155.38,5
Avery 503,155.25,4
Southworth 25% Cotton Linen-Finish Paper & Envelopes,155.1072,4
Xerox 1918,155.04,1
Avery 489,154.422,5
Security-Tint Envelopes,153.7168,9
"#10-4 1/8"" x 9 1/2"" Premium Diagonal Seam Envelopes",153.6224,2
Ibico Plastic and Wire Spiral Binding Combs,152.8359,9
Great White Multi-Use Recycled Paper (20Lb. and 84 Bright),152.6096,8
Xerox 195,151.50240000000002,8
Cardinal EasyOpen D-Ring Binders,151.4498,8
Contemporary Wood/Metal Frame,151.2576,4
Imation 30456 USB Flash Drive 8GB,151.248,5
Weyerhaeuser First Choice Laser/Copy Paper (20Lb. and 88 Bright),150.336,5
"Black Print Carbonless Snap-Off Rapid Letter, 8 1/2"" x 7""",150.1328,4
Xerox 1948,149.85000000000002,3
"Square Credit Card Reader, 4 1/2"" x 4 1/2"" x 1"", White",149.85,5
"Wilson Jones Clip & Carry Folder Binder Tool for Ring Binders, Clear",149.814,9
"Eldon Expressions Wood and Plastic Desk Accessories, Oak",149.70000000000002,5
"Tenex Traditional Chairmats for Hard Floors, Average Lip, 36"" x 48""",149.524,2
Acme Softgrip Scissors,149.12480000000002,4
GBC Plastic Binding Combs,147.89520000000002,10
Avery Heavy-Duty EZD View Binder with Locking Rings,147.2504,10
"Master Big Foot Doorstop, Beige",146.9952,6
Xerox 205,146.18880000000001,4
Xerox 1955,146.17600000000002,2
"DAX Cubicle Frames, 8-1/2 x 11",145.69,4
Avery Premier Heavy-Duty Binder with Round Locking Rings,145.656,7
Xerox 1905,144.3744,5
Xerox 217,143.3376,8
KeyTronic KT400U2 - Keyboard - Black,143.0976,3
Newell 315,143.04160000000002,6
"DAX Charcoal/Nickel-Tone Document Frame, 5 x 7",142.95839999999998,7
Acme Office Executive Series Stainless Steel Trimmers,142.94760000000002,7
Square Credit Card Reader,142.65720000000002,7
Xerox 192,142.56,6
"It's Hot Message Books with Stickers, 2 3/4"" x 5""",142.376,6
"DAX Copper Panel Document Frame, 5 x 7 Size",141.9024,5
Self-Adhesive Address Labels for Typewriters by Universal,141.814,7
Xerox 1993,141.5232,8
"Verbatim 25 GB 6x Blu-ray Single Layer Recordable Disc, 10/Pack",141.398,5
"Executive Impressions 12"" Wall Clock",141.36,6
Sanford Liquid Accent Highlighters,141.0816,5
"Eldon 400 Class Desk Accessories, Black Carbon",141.05,6
GBC Wire Binding Combs,141.0376,7
"Holmes Cool Mist Humidifier for the Whole House with 8-Gallon Output per Day, Extended Life Filter",140.892,4
"Advantus Push Pins, Aluminum Head",139.44,5
Logitech Keyboard K120,139.392,3
"Eldon Expressions Punched Metal & Wood Desk Accessories, Black & Cherry",139.19920000000002,5
GBC VeloBinder Electric Binding Machine,139.127,4
"Eldon 200 Class Desk Accessories, Smoke",138.16,4
Astroparche Fine Business Paper,137.9136,6
"Fellowes Twister Kit, Gray/Clear, 3/pkg",137.7252,10
Griffin GC36547 PowerJolt SE Lightning Charger,137.6388,3
"DAX Metal Frame, Desktop, Stepped-Edge",137.632,5
"Personal Folder Holder, Ebony",136.762,6
Xerox 1936,136.66320000000002,3
Acco 6 Outlet Guardian Standard Surge Suppressor,136.3752,5
Maxell 4.7GB DVD-RW 3/Pack,136.36079999999998,4
Nu-Dell Oak Frame,136.2768,3
"#10- 4 1/8"" x 9 1/2"" Security-Tint Envelopes",135.6864,8
Tensor Brushed Steel Torchiere Floor Lamp,135.2404,4
Ultra Door Push Plate,135.1232,7
Xerox 23,135.0432,6
Southworth 100% Cotton The Best Paper,135.0048,3
50 Colored Long Pencils,134.9248,5
Xerox 1903,134.90879999999999,6
"C-Line Magnetic Cubicle Keepers, Clear Polypropylene",134.7632,7
Xerox 203,134.5248,6
GBC Binding covers,133.12599999999998,3
"Eberhard Faber 3 1/2"" Golf Pencils",132.7296,7
Xerox 220,131.67360000000002,8
Heavy-Duty E-Z-D Binders,131.3564,8
Hewlett-Packard 300S Scientific Calculator,131.1,2
C-Line Cubicle Keepers Polyproplyene Holder With Velcro Backings,130.7372,8
DAX Wood Document Frame.,130.7096,4
"Permanent Self-Adhesive File Folder Labels for Typewriters, 1 1/8 x 3 1/2, White",130.536,6
Speck Products Candyshell Flip Case,130.1628,4
"Holmes Replacement Filter for HEPA Air Cleaner, Large Room",129.7356,4
"Master Caster Door Stop, Large Neon Orange",129.2928,7
Eldon 200 Class Desk Accessories,129.1168,7
Wilson Jones International Size A4 Ring Binders,128.885,7
Xerox 1977,128.7904,6
Xerox 222,128.5632,7
Xerox 1959,128.256,6
RCA ViSYS 25423RE1 Corded phone,127.98720000000002,1
Kensington 6 Outlet SmartSocket Surge Protector,127.85759999999999,2
"Wilson Jones Hanging View Binder, White, 1""",127.51599999999999,7
GBC Wire Binding Strips,127.27740000000001,5
Things To Do Today Pad,127.2616,7
"Ultra Door Kickplate, 8""H x 34""W",126.59200000000001,2
Acco 3-Hole Punch,126.582,9
KLD Oscar II Style Snap-on Ultra Thin Side Flip Synthetic Leather Cover Case for HTC One HTC M7,126.36000000000001,3
Belkin 7 Outlet SurgeMaster Surge Protector with Phone Protection,126.336,1
"Adams Telephone Message Book W/Dividers/Space For Phone Numbers, 5 1/4""X8 1/2"", 300/Messages",126.30239999999999,10
"Wirebound Service Call Books, 5 1/2"" x 4""",125.84,5
"Message Book, Wirebound, Four 5 1/2"" X 4"" Forms/Pg., 200 Dupl. Sets/Book",125.8272,6
Xerox 1947,125.8192,5
Riverleaf Stik-Withit Designer Note Cubes,125.5488,5
Anker Astro Mini 3000mAh Ultra-Compact Portable Charger,125.53720000000001,4
"OIC Colored Binder Clips, Assorted Sizes",125.3,7
Xerox 1930,125.1936,5
"ACCOHIDE 3-Ring Binder, Blue, 1""",125.05640000000001,13
Dell Slim USB Multimedia Keyboard,125.0,2
"Ampad Phone Message Book, Recycled, 400 Message Capacity, 5 ¾ x 11",124.8,5
Xerox 212,124.6752,7
Avery 476,124.5608,10
Xerox 4200 Series MultiUse Premium Copy Paper (20Lb. and 84 Bright),124.18560000000001,8
GBC Instant Report Kit,123.7711,13
Xerox 1907,122.8,3
"Cardinal Slant-D Ring Binder, Heavy Gauge Vinyl",122.3552,10
Memorex Froggy Flash Drive 4 GB,122.2088,5
OIC Binder Clips,121.8632,7
Avery Recycled Flexi-View Covers for Binding Systems,121.66770000000002,7
Newell 347,120.0112,7
Fellowes Presentation Covers for Comb Binding Machines,119.89200000000001,2
Flexible Leather- Look Classic Collection Ring Binder,119.89020000000001,6
Deflect-O Glasstique Clear Desk Accessories,119.812,3
Xerox 230,119.7504,5
Harmony HEPA Quiet Air Purifiers,119.34,4
"Eldon 200 Class Desk Accessories, Burgundy",118.5664,5
Xerox 232,118.45439999999999,4
PowerGen Dual USB Car Charger,118.28160000000001,4
Newell 325,118.11800000000001,6
Universal Premium White Copier/Laser Paper (20Lb. and 87 Bright),117.6864,5
Xerox 2,117.67680000000001,9
Strathmore Photo Frame Cards,116.96000000000001,4
Avery Metallic Poly Binders,116.37630000000001,6
Acco D-Ring Binder w/DublLock,116.3072,9
DAX Cubicle Frames - 8x10,116.0924,5
"BIC Brite Liner Grip Highlighters, Assorted, 5/Pack",115.328,6
"Message Book, Phone, Wirebound Standard Line Memo, 2 3/4"" X 5""",115.018,5
Stiletto Hand Letter Openers,114.816,4
Xerox 1928,114.47040000000001,4
"GBC Clear Cover, 8-1/2 x 11, unpunched, 25 covers per pack",114.00319999999999,4
Telescoping Adjustable Floor Lamp,113.5432,6
Panasonic KP-350BK Electric Pencil Sharpener with Auto Stop,113.42240000000001,3
Avery 519,113.15879999999999,6
"GBC Laser Imprintable Binding System Covers, Desert Sand",112.8757,6
"BIC Brite Liner Highlighters, Chisel Tip",112.75200000000001,6
Crayola Colored Pencils,112.3072,11
"Manila Recycled Extra-Heavyweight Clasp Envelopes, 6"" x 9""",111.11760000000001,4
Avery Hi-Liter Smear-Safe Highlighters,110.7264,6
"Ink Jet Note and Greeting Cards, 8-1/2"" x 5-1/2"" Card Size",110.6016,3
Self-Adhesive Removable Labels,110.25,7
Xerox 204,110.16,4
Cardinal Slant-D Ring Binders,109.8416,5
Avery 516,109.64999999999999,4
Wilson Jones Impact Binders,109.298,9
"Barricks Non-Folding Utility Table with Steel Legs, Laminate Tops",109.1712,1
DAX Clear Channel Poster Frame,109.0584,3
Xerox 1971,109.0544,6
"Wirebound Message Books, Four 2 3/4 x 5 Forms per Page, 200 Sets per Book",108.5652,6
"Eldon Expressions Punched Metal & Wood Desk Accessories, Pewter & Cherry",107.67680000000001,3
GBC Linen Binding Covers,107.5006,6
"Dixon Prang Watercolor Pencils, 10-Color Set with Brush",107.352,7
Xerox 213,107.3088,6
"6"" Cubicle Wall Clock, Black",107.1116,4
Longer-Life Soft White Bulbs,107.0608,10
#10 Self-Seal White Envelopes,106.90760000000002,4
"Wirebound Message Books, Two 4 1/4"" x 5"" Forms per Page",105.93119999999999,6
Newell 314,105.7968,7
Xerox 1995,105.23520000000002,6
"Array Parchment Paper, Assorted Colors",103.9584,4
"Ampad Gold Fibre Wirebound Steno Books, 6"" x 9"", Gregg Ruled",103.89959999999999,8
HP Office Recycled Paper (20Lb. and 87 Bright),103.5776,4
Avery 518,103.446,8
"GE General Use Halogen Bulbs, 100 Watts, 1 Bulb per Pack",103.0248,3
Xerox 227,102.90240000000001,8
Cyber Acoustics AC-202b Speech Recognition Stereo Headset,102.8808,5
Avery File Folder Labels,102.8736,13
"Brother MFC-9340CDW LED All-In-One Printer, Copier Scanner",102.5973,1
"Wirebound Four 2-3/4 x 5 Forms per Page, 400 Sets per Book",102.426,6
SanDisk Cruzer 16 GB USB Flash Drive,102.4016,3
DAX Solid Wood Frames,102.3896,3
"Linden 12"" Wall Clock With Oak Frame",101.94,1
"Bush Saratoga Collection 5-Shelf Bookcase, Hanover Cherry, *Special Order",101.85804999999999,1
Avery Printable Repositionable Plastic Tabs,101.48,6
Xerox 1962,101.35040000000001,7
VariCap6 Expandable Binder,100.85900000000001,3
Xerox 1900,100.49440000000001,7
Akro-Mils 12-Gallon Tote,100.4916,4
"Eldon Image Series Desk Accessories, Burgundy",100.4872,8
Wilson Jones Active Use Binders,100.02720000000001,6
Xerox Blank Computer Paper,99.9,1
Xerox 201,99.792,5
"Eureka Recycled Copy Paper 8 1/2"" x 11"", Ream",99.792,6
"DXL Angle-View Binders with Locking Rings, Black",99.67360000000001,4
Xerox 21,99.53280000000001,7
"Wirebound Message Books, 2 7/8"" x 5"", 3 Forms per Page",99.40480000000001,3
GBC Personal VeloBind Strips,98.5954,7
3M Hangers With Command Adhesive,98.568,8
Micro Innovations Wireless Classic Keyboard with Mouse,98.3672,2
"Acco Pressboard Covers with Storage Hooks, 14 7/8"" x 11"", Light Blue",98.0527,11
Fiskars Home & Office Scissors,97.68,3
OtterBox Defender Series Case - iPhone 5c,97.62719999999999,2
Xerox 219,97.2,4
Xerox 228,97.2,4
Xerox 1952,96.0144,4
"SlimView Poly Binder, 3/8""",95.8818,7
Samsung Replacement EH64AVFWE Premium Headset,95.7,5
"Avery Durable Plastic 1"" Binders",95.4308,7
Newell 341,95.3584,7
Xerox 1970,95.2176,6
Acme Titanium Bonded Scissors,95.2,5
Xerox 1949,94.62,8
"Cardinal HOLDit! Binder Insert Strips,Extra Strips",94.5702,9
Ibico Recycled Grain-Textured Covers,94.2942,4
"Rediform Wirebound ""Phone Memo"" Message Book, 11 x 5-3/4",94.12480000000001,5
"GE 4 Foot Flourescent Tube, 40 Watt",94.0744,3
Avery 495,93.996,4
Memorex Micro Travel Drive 4 GB,93.70400000000001,3
Wilson Jones 14 Line Acrylic Coated Pressboard Data Binders,93.6636,4
Eldon Expressions Mahogany Wood Desk Collection,93.6,2
Wilson Jones Snap Scratch Pad Binder Tool for Ring Binders,93.49600000000001,5
Prang Drawing Pencil Set,93.408,11
Belkin 7-Outlet SurgeMaster Home Series,92.76079999999999,5
"Adams Phone Message Book, Professional, 400 Message Capacity, 5 3/6 x 11",92.6944,3
Xerox 1987,92.48,4
Avery White Multi-Purpose Labels,92.4288,4
Rosewill 107 Normal Keys USB Wired Standard Keyboard,92.2032,3
Sabrent 4-Port USB 2.0 Hub,92.0724,4
"Telephone Message Books with Fax/Mobile Section, 5 1/2"" x 3 3/16""",91.94800000000001,6
Avery 51,91.728,5
Newell 31,91.686,5
Avery Self-Adhesive Photo Pockets for Polaroid Photos,91.52640000000001,11
Boston 16765 Mini Stand Up Battery Pencil Sharpener,91.4144,4
Acme Elite Stainless Steel Scissors,91.0728,5
Acme Preferred Stainless Steel Scissors,90.88,4
Xerox 211,90.4608,4
"Eldon Expressions Desk Accessory, Wood Pencil Holder, Oak",90.324,4
Avery 481,90.1824,5
Acrylic Self-Standing Desk Frames,90.1392,8
Xerox 1920,89.7,4
Avery Heavy-Duty EZD  Binder With Locking Rings,89.5032,6
Xerox 1999,89.16480000000001,7
Newell 35,88.9536,9
Acme Design Stainless Steel Bent Scissors,88.92,3
"Acco Four Pocket Poly Ring Binder with Label Holder, Smoke, 1""",88.80400000000002,6
Avery 480,88.65,6
Avery 478,88.38,4
"Avery 3 1/2"" Diskette Storage Pages, 10/Pack",88.3224,6
"TOPS Money Receipt Book, Consecutively Numbered in Red,",88.11,2
Recycled Premium Regency Composition Covers,88.0128,3
Prang Colored Pencils,87.7296,7
Avery 48,87.696,3
Cardinal Holdit Data Disk Pockets,87.6512,3
"Binney & Smith Crayola Metallic Colored Pencils, 8-Color Set",85.9328,7
"TOPS 4 x 6 Fluorescent Color Memo Sheets, 500 Sheets per Pack",85.78960000000001,3
Manco Dry-Lighter Erasable Highlighter,85.728,7
Dax Clear Box Frame,85.554,6
Avery Personal Creations Heavyweight Cards,85.396,3
Xerox 1923,85.2368,5
"Tensor ""Hersey Kiss"" Styled Floor Lamp",85.2144,3
"Redi-Strip #10 Envelopes, 4 1/8 x 9 1/2",85.196,7
Avery Hanging File Binders,84.97579999999999,6
Xerox 1956,84.916,2
Wilson Jones Standard D-Ring Binders,84.8562,8
"Westinghouse Mesh Shade Clip-On Gooseneck Lamp, Black",84.84,2
Avery Hole Reinforcements,84.7903,9
Xerox 224,84.4992,6
Xerox 1957,84.4992,6
Xerox 1986,84.4352,4
Zebra Zazzle Fluorescent Highlighters,84.3904,6
GBC Standard Plastic Binding Systems' Combs,84.3404,8
"Dixon My First Ticonderoga Pencil, #2",83.77199999999999,4
"RSVP Cards & Envelopes, Blank White, 8-1/2"" X 11"", 24 Cards/25 Envelopes/Set",83.7184,6
Dana Swing-Arm Lamps,83.304,7
Xerox 1992,83.2416,4
Xerox 196,83.232,8
Xerox 1967,83.20320000000001,5
Newell 333,82.7328,11
Akro Stacking Bins,82.6872,6
Avery 508,82.6844,6
"Bravo II Megaboss 12-Amp Hard Body Upright, Replacement Belts, 2 Belts per Pack",82.55,5
"Electrix Incandescent Magnifying Lamp, Black",82.096,2
OIC Bulk Pack Metal Binder Clips,82.0848,8
HP Office Paper (20Lb. and 87 Bright),81.496,2
DIXON Ticonderoga Erasable Checking Pencils,81.468,7
Avery 513,80.8752,5
Newell Chalk Holder,80.78280000000001,7
Newell 351,80.5568,7
Fluorescent Highlighters by Dixon,80.5552,5
AmazonBasics 3-Button USB Wired Mouse,80.2452,5
Storex DuraTech Recycled Plastic Frosted Binders,79.88159999999999,8
Presstex Flexible Ring Binders,79.534,8
Magna Visual Magnetic Picture Hangers,79.4336,6
Xerox 210,79.3152,6
Portfile Personal File Boxes,79.296,2
"Acco Pressboard Covers with Storage Hooks, 9 1/2"" x 11"", Executive Red",79.248,9
Xerox 2000,79.05600000000001,5
Avery 487,78.96600000000001,7
Advantus Map Pennant Flags and Round Head Tacks,78.842,6
BIC Brite Liner Highlighters,78.8256,7
Boston 16701 Slimline Battery Pencil Sharpener,78.4248,2
Avery 512,77.9144,5
Bulldog Table or Wall-Mount Pencil Sharpener,77.87,3
"Premium Writing Pencils, Soft, #2 by Central Association for the Blind",77.83760000000001,7
Xerox 193,77.74000000000001,3
"Master Giant Foot Doorstop, Safety Yellow",77.418,3
"Wilson Jones 1"" Hanging DublLock Ring Binders",76.5072,10
"Hunt BOSTON Vista Battery-Operated Pencil Sharpener, Black",76.4896,4
Xerox 229,76.2048,3
Xerox 1954,76.03200000000001,4
Newell 328,75.92,3
Hoover Commercial Soft Guard Upright Vacuum And Disposable Filtration Bags,75.5244,4
"Eldon 200 Class Desk Accessories, Black",75.36,2
Fashion Color Clasp Envelopes,75.3072,3
Advantus Panel Wall Acrylic Frame,75.2672,5
"Quartet Omega Colored Chalk, 12/Pack",74.9856,7
Xerox 1902,74.9152,2
Xerox 1946,74.9088,3
Avery 483,74.89920000000001,6
Pressboard Data Binders by Wilson Jones,74.6532,8
"Snap-A-Way Black Print Carbonless Speed Message, No Reply Area, Duplicate",74.59840000000001,1
"Eureka Sanitaire  Multi-Pro Heavy-Duty Upright, Disposable Bags",74.11520000000002,5
Xerox 200,73.87200000000001,5
Acme Value Line Scissors,73.72999999999999,10
"Memo Book, 100 Message Capacity, 5 3/8 x 11",73.60079999999999,3
SpineVue Locking Slant-D Ring Binders by Cardinal,73.39420000000001,8
Avery Binding System Hidden Tab Executive Style Index Sets,73.33670000000001,8
"Adams Telephone Message Books, 5 1/4 x 11",73.2048,5
Sterilite Show Offs Storage Containers,73.0752,5
Southworth Structures Collection,72.8,2
Xerox 198,72.50880000000001,3
Southworth Parchment Paper & Envelopes,72.2016,6
OIC Stacking Trays,72.144,6
Xerox 221,72.05760000000001,4
Avery 474,71.8848,9
"Sanford Colorific Colored Pencils, 12/Box",71.7696,5
Avery Durable Binders,71.568,12
"Verbatim Slim CD and DVD Storage Cases, 50/Pack",71.548,4
Pressboard Hanging Data Binders for Unburst Sheets,71.2908,10
"Avery Durable Slant Ring Binders, No Labels",71.2818,9
Plymouth Boxed Rubber Bands by Plymouth,71.21520000000001,5
Acme Stainless Steel Office Snips,70.95519999999999,4
"Adams ""While You Were Out"" Message Pads",70.83840000000001,5
"Avery Framed View Binder, EZD Ring (Locking), Navy, 1 1/2""",70.6584,6
Rogers Handheld Barrel Pencil Sharpener,70.3632,7
QVS USB Car Charger 2-Port 2.1Amp for iPod/iPhone/iPad/iPad 2/iPad 3,70.334,5
Xerox 1994,70.2432,4
"Pressboard Covers with Storage Hooks, 9 1/2"" x 11"", Light Blue",69.9675,12
Fellowes Black Plastic Comb Bindings,69.9524,9
Xerox 231,69.72480000000002,5
Xerox 1966,69.7248,6
Newell 331,69.0468,4
Acco Translucent Poly Ring Binders,68.8896,8
G.E. Longer-Life Indoor Recessed Floodlight Bulbs,68.7904,6
Fiskars Spring-Action Scissors,68.7816,4
Newell 317,68.6784,7
"Dixon Ticonderoga Erasable Colored Pencil Set, 12-Color",68.6504,2
Cardinal Holdit Business Card Pockets,68.62440000000001,8
Smead Alpha-Z Color-Coded Name Labels First Letter Starter Set,68.25,5
Xerox 1981,68.2176,4
"TOPS ""Important Message"" Pads, Canary, 4-1/4 x 5-1/2, 50 Sheets per Pad",68.1376,3
Xerox 1932,68.0448,1
Xerox 22,67.91040000000001,3
"C-Line Peel & Stick Add-On Filing Pockets, 8-3/4 x 5-1/8, 10/Pack",67.8405,4
Barrel Sharpener,67.83000000000001,4
Newell 320,67.624,7
Cisco 8961 IP Phone Charcoal,67.48110000000001,1
Avery 52,67.4532,6
Prestige Round Ring Binders,67.3056,8
Woodgrain Magazine Files by Perma,67.2288,6
Belkin iPhone and iPad Lightning Cable,67.1552,2
Xerox 1963,66.9504,3
Tops Wirebound Message Log Books,66.8528,6
"Verbatim 25 GB 6x Blu-ray Single Layer Recordable Disc, 1/Pack",66.752,3
Stockwell Push Pins,66.272,8
Avoid Verbal Orders Carbonless Minifold Book,66.1128,5
Things To Do Today Spiral Book,65.8944,3
Tuff Stuff Recycled Round Ring Binders,65.8894,9
"Wirebound Message Books, 5-1/2 x 4 Forms, 2 or 4 Forms per Page",65.8296,3
Poly String Tie Envelopes,65.5248,11
Pastel Pink Envelopes,65.52,3
"Geographics Note Cards, Blank, White, 8 1/2"" x 11""",65.3496,3
Avery Non-Stick Heavy Duty View Round Locking Ring Binders,65.30160000000001,3
Avery 49,64.9728,6
"Acco Clips to Go Binder Clips, 24 Clips in Two Sizes",64.894,5
Newell 332,64.2096,5
Avery Durable Slant Ring Binders With Label Holder,63.9122,9
Xerox 1975,63.763200000000005,5
Avery Poly Binder Pockets,63.724000000000004,8
Stacking Trays by OIC,63.5448,6
Eldon File Chest Portable File,63.52000000000001,1
Euro Pro Shark Stick Mini Vacuum,63.4192,3
"SmartStand Mobile Device Holder, Assorted Colors",63.1896,3
KeyTronic KT800P2 - Keyboard - Black,63.084,3
Avery 506,62.775999999999996,3
Avery 515,62.650000000000006,2
Park Ridge Embossed Executive Business Envelopes,62.28,1
Zipper Ring Binder Pockets,62.150400000000005,13
Epson Perfection V600 Photo Scanner,62.09730000000001,1
Newell 336,61.632000000000005,4
"Executive Impressions 8-1/2"" Career Panel/Partition Cubicle Clock",61.568000000000005,2
Newell 343,61.0344,7
Stackable Trays,60.8608,7
Belkin Grip Candy Sheer Case / Cover for iPhone 5 and 5S,60.7576,3
"Executive Impressions 14"" Contract Wall Clock with Quartz Movement",60.46560000000001,2
Newell 321,60.352000000000004,4
"Post-it Important Message Note Pad, Neon Colors, 50 Sheets/Pad",60.278400000000005,2
Acco Hot Clips Clips to Go,60.272800000000004,6
Ibico Presentation Index for Binding Systems,60.2174,7
Xerox 1899,60.111999999999995,5
3M Organizer Strips,60.048,7
"Acco Recycled 2"" Capacity Laser Printer Hanging Data Binders",59.967500000000015,4
Newell 318,59.9368,5
Newell 350,59.696,6
"Boston 1827 Commercial Additional Cutter, Drive Gear & Gear Rack for 1606",59.489999999999995,2
Avery 500,58.48,2
Xerox 223,58.32,3
Xerox 1897,58.1664,4
"Vtech AT&T CL2940 Corded Speakerphone, Black",57.5808,1
Newell 311,57.5484,8
Advantus T-Pin Paper Clips,57.5476,5
Peel & Seel Envelopes,57.2688,4
Avery Durable Poly Binders,57.180200000000006,6
Rubber Band Ball,57.1472,4
#6 3/4 Gummed Flap White Envelopes,57.024,4
"Universal Recycled Hanging Pressboard Report Binders, Letter Size",56.8874,5
ACCOHIDE Binder by Acco,56.7462,4
"Crayola Anti Dust Chalk, 12/Pack",56.4928,7
"Executive Impressions 13-1/2"" Indoor/Outdoor Wall Clock",56.099999999999994,2
Xerox 1974,55.4944,4
Xerox 1927,55.4688,5
Newell 348,55.104000000000006,6
Newell 330,55.016000000000005,4
G.E. Halogen Desk Lamp Bulbs,55.0024,5
"Recycled Interoffice Envelopes with Re-Use-A-Seal Closure, 10 x 13",54.62400000000001,2
Avery 501,54.612,8
"Master Caster Door Stop, Large Brown",54.4544,3
Spiral Phone Message Books with Labels by Adams,54.2976,4
Okidata B401 Printer,53.99730000000001,1
"SKILCRAFT Telephone Shoulder Rest, 2"" x 6.5"" x 2.5"", Black",53.7992,3
Ampad #10 Peel & Seel Holiday Envelopes,53.760000000000005,3
Avery Fluorescent Highlighter Four-Color Set,53.70720000000001,8
"Acco PRESSTEX Data Binder with Storage Hooks, Light Blue, 9 1/2"" X 11""",53.531000000000006,5
Avery 494,53.4528,6
Convenience Packs of Business Envelopes,53.431200000000004,6
Xerox 1965,53.3416,4
Array Memo Cubes,53.2504,3
Hoover Portapower Portable Vacuum,53.2224,4
Shocksock Galaxy S4 Armband,52.998,3
Imation Swivel Flash Drive USB flash drive - 8 GB,52.7568,2
Avery 511,52.729600000000005,6
Xerox 1924,52.7136,4
Cush Cases Heavy Duty Rugged Cover Case for Samsung Galaxy S5 - Purple,52.668,6
Xerox 206,52.61760000000001,5
Ideal Clamps,52.5816,8
Advantus Push Pins,51.796800000000005,7
"Hoover Replacement Belts For Soft Guard & Commercial Ltweight Upright Vacs, 2/Pk",51.666000000000004,5
"Message Book, Standard Line ""While You Were Out"", 5 1/2"" X 4"", 200 Sets/Book",51.36,2
Xerox 208,51.321600000000004,2
Recycled Pressboard Report Cover with Reinforced Top Hinge,51.2924,8
"Black Print Carbonless 8 1/2"" x 8 1/4"" Rapid Memo Book",51.25120000000001,4
Ultra Commercial Grade Dual Valve Door Closer,51.059200000000004,1
Avery 492,50.3424,5
Xerox 1896,49.95,2
Avery 493,49.6892,4
Wilson Jones data.warehouse D-Ring Binders with DublLock,49.6269,5
Avery 488,49.014,6
American Pencil,48.93,6
"Telephone Message Books with Fax/Mobile Section, 4 1/4"" x 6""",48.816,3
"1/4 Fold Party Design Invitations & White Envelopes, 24 8-1/2"" X 11"" Cards, 25 Env./Pack",48.804,2
Avery 496,48.45,4
Xerox 199,48.449600000000004,4
XtraLife ClearVue Slant-D Ring Binders by Cardinal,48.3728,5
Staple-on labels,48.205200000000005,5
Eldon Image Series Black Desk Accessories,48.1896,5
"Acco PRESSTEX Data Binder with Storage Hooks, Dark Blue, 9 1/2"" X 11""",48.150999999999996,4
NETGEAR RangeMax WNR1000 Wireless Router,47.9808,1
"Important Message Pads, 50 4-1/4 x 5-1/2 Forms per Pad",47.88,4
Xerox 1950,47.8584,3
Blackstonian Pencils,47.8464,4
Colorific Watercolor Pencils,47.472,3
"Commercial WindTunnel Clean Air Upright Vacuum, Replacement Belts, Filtration Bags",47.458,7
Wausau Papers Astrobrights Colored Envelopes,47.3616,3
Xerox 218,47.174400000000006,5
"Sanford Colorific Scented Colored Pencils, 12/Pack",47.080000000000005,2
Smead Alpha-Z Color-Coded Second Alphabetical Labels and Starter Set,47.0624,5
EcoTones Memo Sheets,47.040000000000006,3
Wilson Jones Four-Pocket Poly Binders,46.8918,4
Avery 514,46.8864,4
"Master Caster Door Stop, Gray",46.5328,4
Decoflex Hanging Personal Folder File,46.26,1
Avery 520,46.116,5
Newell 32,45.8496,6
Penpower WorldCard Pro Card Scanner,45.7375,1
"Holmes Visible Mist Ultrasonic Humidifier with 2.3-Gallon Output per Day, Replacement Filter",45.7328,2
Xerox 215,45.36,2
GBC ProClick Spines for 32-Hole Punch,45.2333,5
Binder Posts,44.8868,6
Xerox 1921,44.7552,3
Colored Envelopes,44.4276,5
Anker 24W Portable Micro USB Car Charger,43.96,2
"Acco Pressboard Covers with Storage Hooks, 14 7/8"" x 11"", Dark Blue",43.8531,5
GBC Instant Index System for Binding Systems,43.778400000000005,5
Boston 16750 Black Compact Battery Pencil Sharpener,43.75,2
Disposable Triple-Filter Dust Bags,43.7,4
Xerox 1953,43.656,4
"Binney & Smith inkTank Desk Highlighter, Chisel Tip, Yellow, 12/Box",43.43,5
"TOPS Voice Message Log Book, Flash Format",43.4112,3
"Sanford Colorific Eraseable Coloring Pencils, 12 Count",43.296,4
"Eldon Spacemaker Box, Quick-Snap Lid, Clear",43.28640000000001,6
"Acme Design Line 8"" Stainless Steel Bent Scissors w/Champagne Handles, 3-1/8"" Cut",42.9552,3
Revere Boxed Rubber Bands by Revere,42.562799999999996,6
Advantus SlideClip Paper Clips,42.5568,3
Imation USB 2.0 Swivel Flash Drive USB flash drive - 4 GB - Pink,42.42,3
Acme Kleen Earth Office Shears,42.3696,5
Permanent Self-Adhesive File Folder Labels for Typewriters by Universal,42.282,6
Avery 491,42.126000000000005,3
Newell 344,42.0336,6
Newell 33,41.7384,3
DIXON Oriole Pencils,41.589600000000004,6
Newell 316,41.467200000000005,2
Xerox 1972,41.3952,5
Avery 517,41.328,4
GBC Standard Plastic Binding Systems Combs,41.1525,5
"While You Were Out Pads, 50 per Pad, 4 x 5 1/4, Green Cycle",41.0564,4
Document Clip Frames,41.032799999999995,2
"Eldon Imàge Series Desk Accessories, Clear",40.6296,3
Acme Rosewood Handle Letter Opener,40.494,3
Newell 349,40.016000000000005,3
Newell 327,39.78,4
"Executive Impressions 16-1/2"" Circular Wall Clock",39.5456,2
Wilson Jones Easy Flow II Sheet Lifters,39.312000000000005,12
Nontoxic Chalk,39.2832,8
Eldon Executive Woodline II Cherry Finish Desk Accessories,39.254400000000004,2
"Acco Banker's Clasps, 5 3/4""-Long",39.052800000000005,5
"Acco Pressboard Covers with Storage Hooks, 14 7/8"" x 11"", Executive Red",38.7477,8
"#10 Gummed Flap White Envelopes, 100/Box",37.995999999999995,4
"GE General Purpose, Extra Long Life, Showcase & Floodlight Incandescent Bulbs",37.946400000000004,7
Prang Dustless Chalk Sticks,37.9008,8
"Black Avery Memo-Size 3-Ring Binder, 5 1/2"" x 8 1/2""",37.507400000000004,4
Newell 3-Hole Punched Plastic Slotted Magazine Holders for Binders,37.382600000000004,6
Xerox 1998,37.3248,2
"Adams Write n' Stick Phone Message Book, 11"" X 5 1/4"", 200 Messages",37.260799999999996,3
3-ring staple pack,36.6976,6
Dixon Ticonderoga Pencils,36.5944,3
"Eldon Regeneration Recycled Desk Accessories, Black",36.5904,3
Kingston Digital DataTraveler 8GB USB 2.0,36.414,3
Xerox 207,36.028800000000004,2
"Ampad Poly Cover Wirebound Steno Book, 6"" x 9"" Assorted Colors, Gregg Ruled",35.9568,4
Anderson Hickey Conga Table Tops & Accessories,35.9428,2
Faber Castell Col-Erase Pencils,35.599199999999996,5
Turquoise Lead Holder with Pocket Clip,35.376000000000005,3
Regeneration Desk Collection,35.059200000000004,5
Xerox 1926,34.86,1
Economy #2 Pencils,34.58,4
Newell 335,34.56,4
Newell 310,34.496,7
Wilson Jones DublLock D-Ring Binders,34.3575,2
Acco 6 Outlet Guardian Basic Surge Suppressor,34.2784,2
Xerox 1980,34.24,2
"Stacking Tray, Side-Loading, Legal, Smoke",34.048,4
Col-Erase Pencils with Erasers,33.8048,2
Durable Pressboard Binders,33.592,2
Eldon Pizzaz Desk Accessories,33.5392,4
Newell 326,33.510400000000004,6
Avery 498,33.4084,3
Acco Side-Punched Conventional Columnar Pads,33.312,4
Binder Clips by OIC,33.0336,7
Xerox 1990,32.736000000000004,2
Xerox 1958,32.400000000000006,2
Cardinal Poly Pocket Divider Pockets for Ring Binders,32.256,4
Letter or Legal Size Expandable Poly String Tie Envelopes,32.0264,4
"Wirebound Message Forms, Four 2 3/4 x 5 Forms per Page, Pink Paper",32.0264,2
Acme Kleencut Forged Steel Scissors,31.9144,3
"Mead 1st Gear 2"" Zipper Binder, Asst. Colors",31.9062,3
Avery Round Ring Poly Binders,31.808,6
Acco Hanging Data Binders,31.7754,7
Southworth 25% Cotton Granite Paper & Envelopes,31.6536,3
"Eldon Regeneration Recycled Desk Accessories, Smoke",31.5288,5
Assorted Color Push Pins,31.494,8
Hammermill CopyPlus Copy Paper (20Lb. and 84 Bright),31.2744,3
Avery 509,31.1112,4
"Sanford Uni-Blazer View Highlighters, Chisel Tip, Yellow",30.799999999999997,3
Newell 346,30.6432,5
Hewlett-Packard Deskjet F4180 All-in-One Color Ink-jet - Printer / copier / scanner,30.598200000000006,1
Insertable Tab Post Binder Dividers,30.5562,8
"Super Bands, 12/Pack",30.504,4
Hammermill Color Copier Paper (28Lb. and 96 Bright),29.97,2
Contemporary Borderless Frame,29.962799999999998,2
"OIC #2 Pencils, Medium Soft",29.9296,7
Xerox 1983,29.900000000000002,2
Xerox 190,29.88,2
"Eldon 300 Class Desk Accessories, Black",29.7,2
"Alliance Big Bands Rubber Bands, 12/Pack",29.7,4
Acco Expandable Hanging Binders,29.5394,4
"Sanford EarthWrite Recycled Pencils, Medium Soft, #2",29.4,3
Eldon Jumbo ProFile Portable File Boxes Graphite/Black,29.395200000000003,1
Xerox 1976,29.030400000000004,2
Newell 322,28.8288,6
Plastic Stacking Crates & Casters,28.5696,4
Peel & Stick Add-On Corner Pockets,28.296,7
"Bush Westfield Collection Bookcases, Dark Cherry Finish, Fully Assembled",27.264600000000005,1
Eldon 100 Class Desk Accessories,26.690399999999997,4
Rediform Voice Mail Log Books,26.343200000000003,2
Newell 340,25.92,2
GBC VeloBinder Strips,25.8816,4
Newell 339,25.7984,3
Economy Binders,25.2928,4
Bagged Rubber Bands,25.0992,5
"Ampad Evidence Wirebond Steno Books, 6"" x 9""",25.026400000000002,4
Angle-D Ring Binders,24.943200000000004,6
"Binney & Smith inkTank Erasable Pocket Highlighter, Chisel Tip, Yellow",24.8976,3
"Pressboard Data Binder, Crimson, 12"" X 8 1/2""",24.884400000000003,3
Pencil and Crayon Sharpener,24.790799999999997,4
Newell 313,24.5344,3
Jiffy Padded Mailers with Self-Seal Closure,23.846400000000003,1
Acco Suede Grain Vinyl Round Ring Binder,23.6578,8
Avery 497,23.5312,2
Newell 338,23.52,2
"Avery Hi-Liter GlideStik Fluorescent Highlighter, Yellow Ink",23.472,2
Avery Binder Labels,23.3789,4
Colored Push Pins,23.2404,5
Cardinal Hold-It CD Pocket,22.982400000000002,4
Newell 329,22.697599999999998,2
Sanford Pocket Accent Highlighters,22.4,3
"Dixon Ticonderoga Maple Cedar Pencil, #2",22.349600000000002,3
Sony 8GB Class 10 Micro SDHC R40 Memory Card,21.753600000000002,1
SanDisk Cruzer 8 GB USB Flash Drive,21.7344,1
"""While you Were Out"" Message Book, One Form per Page",21.666400000000003,3
Wilson Jones Hanging Recycled Pressboard Data Binders,21.6664,2
Avery Durable Slant Ring Binders,21.463200000000004,5
BIC Brite Liner Grip Highlighters,21.3856,5
Self-Adhesive Address Labels for Typewriters with Dispenser Box,21.254400000000004,2
SanDisk Cruzer 4 GB USB Flash Drive,20.768,2
Xerox 1985,20.736000000000004,2
"Avery 05222 Permanent Self-Adhesive File Folder Labels for Typewriters, on Rolls, White, 250/Roll",20.65,2
Avery 507,20.5056,2
Translucent Push Pins by OIC,20.433600000000002,3
Serrated Blade or Curved Handle Hand Letter Openers,20.3472,2
UniKeep View Case Binders,20.2935,5
Avery Hi-Liter Fluorescent Desk Style Markers,20.279999999999998,2
Rediform S.O.S. Phone Message Books,19.92,1
Accohide Poly Flexible Ring Binders,19.8594,8
Acco Glide Clips,19.6,1
Round Ring Binders,19.593600000000002,6
Avery Hidden Tab Dividers for Binding Systems,19.5488,7
Newell 323,19.2864,3
GBC Plasticlear Binding Covers,18.5976,7
Texas Instrument TI-15 Fraction Calculator,18.3515,2
Loose Memo Sheets,18.25,2
Avery 510,18.150000000000002,3
"Stride Job 150 Highlighters, Chisel Tip, Assorted Colors",17.94,1
Maxell 4.7GB DVD-R 5/Pack,17.5824,5
Self-Adhesive Ring Binder Labels,17.2832,4
Newell 307,17.253600000000002,3
Unpadded Memo Slips,17.034399999999998,2
Sterling Rubber Bands by Alliance,16.7676,2
Wilson Jones Custom Binder Spines & Labels,16.755200000000002,7
12 Colored Short Pencils,16.12,3
"Avery Triangle Shaped Sheet Lifters, Black, 2/Pack",16.113,6
"Binney & Smith Crayola Metallic Crayons, 16-Color Pack",15.636800000000001,2
"Binney & Smith inkTank Erasable Desk Highlighter, Chisel Tip, Yellow, 12/Box",15.623999999999999,3
Avery 479,15.4512,3
"OIC Binder Clips, Mini, 1/4"" Capacity, Black",15.2272,5
Avery Reinforcements for Hole-Punch Pages,15.0084,8
Boston 1900 Electric Pencil Sharpener,14.98,1
Nu-Dell EZ-Mount Plastic Wall Frames,14.972000000000001,2
Color-Coded Legal Exhibit Labels,14.73,2
Wilson Jones Suede Grain Vinyl Binders,14.650599999999999,3
SANFORD Liquid Accent Tank-Style Highlighters,14.2,3
Maxell CD-R Discs,14.184000000000001,3
Avery 502,14.112,3
"Quartet Alpha White Chalk, 12/Pack",13.702,2
Hoover Commercial Lightweight Upright Vacuum,13.6416,2
Xerox 1901,13.516800000000002,1
Alliance Rubber Bands,13.440000000000001,2
Xerox 1984,12.96,1
Acme Serrated Blade Letter Opener,12.4656,2
"Universal Ultra Bright White Copier/Laser Paper, 8 1/2"" x 11"", Ream",12.441600000000001,1
"Brites Rubber Bands, 1 1/2 oz. Box",12.4344,3
Design Ebony Sketching Pencil,12.2876,3
Sannysis Cute Owl Design Soft Skin Case Cover for Samsung Galaxy S4,12.276,2
Wirebound Voice Message Log Book,12.1856,2
Insertable Tab Indexes For Data Binders,11.607,5
Xerox 1969,11.56,1
Avery 482,11.56,2
OIC Thumb-Tacks,11.5368,3
Memorex Mini Travel Drive 4 GB USB 2.0 Flash Drive,10.892800000000001,1
Maxell 4.7GB DVD+R 5/Pack,10.7316,5
"Sanitaire Vibra Groomer IR Commercial Upright Vacuum, Replacement Belts",10.4,1
Letter Slitter,10.08,2
Newell 342,9.84,1
Xerox 1922,9.5616,1
Plantronics Single Ear Headset,8.977500000000001,1
Kleencut Forged Office Shears by Acme United Corporation,8.9024,2
Newell 308,8.4,2
Newell 337,8.3968,2
4009 Highlighters,8.04,1
Hoover Replacement Belt for Commercial Guardsman Heavy-Duty Upright Vacuum,7.992000000000001,4
"Avery Hi-Liter Comfort Grip Fluorescent Highlighter, Yellow Ink",7.8,2
Avery Hi-Liter Pen Style Six-Color Fluorescent Set,7.7,1
Avery 484,7.3728,1
Stockwell Gold Paper Clips,7.2128000000000005,2
Computer Printout Index Tabs,7.056,4
Storex Flexible Poly Binders with Double Pockets,6.9432,3
Xerox 20,6.48,1
Xerox 1989,6.3744000000000005,1
Avery 5,5.76,1
PNY Rapid USB Car Charger - Black,5.7528,1
Grip Seal Envelopes,5.6576,1
Acco Economy Flexible Poly Round Ring Binder,5.428800000000001,4
Eureka Disposable Bags for Sanitaire Vibra Groomer I Upright Vac,0.3248,1
